filename,clean_width_mm,clean_class,blurred_width_mm,blurred_class,restored_width_mm,restored_class
00001,2.3323807579381204,Heavy Crack,3.2249030993194197,Heavy Crack,2.23606797749979,Heavy Crack
00002,1.6,Medium Crack,1.8973665961010278,Medium Crack,1.8,Medium Crack
00003,2.0,Medium Crack,2.778488797889961,Heavy Crack,2.009975124224178,Heavy Crack
00004,2.1633307652783937,Heavy Crack,2.23606797749979,Heavy Crack,2.4000000000000004,Heavy Crack
00005,1.6,Medium Crack,1.788854381999832,Medium Crack,1.8439088914585775,Medium Crack
00006,1.4000000000000001,Medium Crack,1.969771560359221,Medium Crack,1.5231546211727818,Medium Crack
00007,2.80713376952364,Heavy Crack,3.2249030993194197,Heavy Crack,2.4083189157584592,Heavy Crack
00008,1.6,Medium Crack,2.4000000000000004,Heavy Crack,1.7204650534085255,Medium Crack
00009,1.8973665961010278,Medium Crack,2.08806130178211,Heavy Crack,2.08806130178211,Heavy Crack
00010,1.4422205101855958,Medium Crack,1.788854381999832,Medium Crack,1.8,Medium Crack
00011,3.4525353003264136,Heavy Crack,3.6,Heavy Crack,3.736308338453881,Heavy Crack
00012,2.8284271247461903,Heavy Crack,3.2310988842807022,Heavy Crack,2.280350850198276,Heavy Crack
00013,1.8973665961010278,Medium Crack,2.08806130178211,Heavy Crack,1.8973665961010278,Medium Crack
00014,3.4525353003264136,Heavy Crack,3.6055512754639896,Heavy Crack,3.4176014981270124,Heavy Crack
00015,1.4142135623730951,Medium Crack,2.0,Medium Crack,1.6,Medium Crack
00016,1.5231546211727818,Medium Crack,2.039607805437114,Heavy Crack,1.8973665961010278,Medium Crack
00017,1.4000000000000001,Medium Crack,1.8,Medium Crack,1.4422205101855958,Medium Crack
00018,1.788854381999832,Medium Crack,2.4083189157584592,Heavy Crack,1.788854381999832,Medium Crack
00019,0.6000000000000001,Light Crack,0.0,Light Crack,1.6492422502470643,Medium Crack
00020,0.632455532033676,Light Crack,0.0,Light Crack,1.4560219778561037,Medium Crack
00021,0.894427190999916,Light Crack,1.0,Light Crack,1.8439088914585775,Medium Crack
00022,0.8246211251235321,Light Crack,1.0,Light Crack,1.4422205101855958,Medium Crack
00023,2.505992817228334,Heavy Crack,3.0463092423455636,Heavy Crack,2.3409399821439254,Heavy Crack
00024,3.88329756778952,Heavy Crack,4.8166378315169185,Heavy Crack,3.405877273185281,Heavy Crack
00025,1.4142135623730951,Medium Crack,1.9798989873223332,Medium Crack,1.6492422502470643,Medium Crack
00026,1.8,Medium Crack,1.6124515496597098,Medium Crack,1.8439088914585775,Medium Crack
00027,1.0770329614269007,Medium Crack,1.0770329614269007,Medium Crack,1.7204650534085255,Medium Crack
00028,1.341640786499874,Medium Crack,1.264911064067352,Medium Crack,1.6124515496597098,Medium Crack
00029,1.341640786499874,Medium Crack,1.2000000000000002,Medium Crack,1.341640786499874,Medium Crack
00030,1.2806248474865698,Medium Crack,1.6124515496597098,Medium Crack,1.4000000000000001,Medium Crack
00031,1.264911064067352,Medium Crack,1.6,Medium Crack,1.4142135623730951,Medium Crack
00032,1.019803902718557,Medium Crack,1.5231546211727818,Medium Crack,1.4142135623730951,Medium Crack
00033,0.894427190999916,Light Crack,1.0,Light Crack,1.2000000000000002,Medium Crack
00034,0.7211102550927979,Light Crack,0.632455532033676,Light Crack,1.264911064067352,Medium Crack
00035,1.6,Medium Crack,1.6,Medium Crack,1.6492422502470643,Medium Crack
00036,1.4000000000000001,Medium Crack,1.264911064067352,Medium Crack,1.4142135623730951,Medium Crack
00037,1.4000000000000001,Medium Crack,1.2806248474865698,Medium Crack,1.1661903789690602,Medium Crack
00038,1.019803902718557,Medium Crack,1.341640786499874,Medium Crack,1.2000000000000002,Medium Crack
00039,1.264911064067352,Medium Crack,1.4422205101855958,Medium Crack,2.0,Medium Crack
00040,0.8246211251235321,Light Crack,0.0,Light Crack,1.4000000000000001,Medium Crack
00041,1.2000000000000002,Medium Crack,1.4000000000000001,Medium Crack,1.6124515496597098,Medium Crack
00042,2.2,Heavy Crack,2.4000000000000004,Heavy Crack,2.2,Heavy Crack
00043,1.969771560359221,Medium Crack,2.08806130178211,Heavy Crack,2.1540659228538015,Heavy Crack
00044,1.6124515496597098,Medium Crack,1.7088007490635062,Medium Crack,1.7204650534085255,Medium Crack
00045,1.2000000000000002,Medium Crack,1.6,Medium Crack,1.6,Medium Crack
00046,1.2806248474865698,Medium Crack,1.788854381999832,Medium Crack,1.6,Medium Crack
00047,1.2806248474865698,Medium Crack,1.788854381999832,Medium Crack,1.788854381999832,Medium Crack
00048,1.2000000000000002,Medium Crack,1.5231546211727818,Medium Crack,2.23606797749979,Heavy Crack
00049,2.12602916254693,Heavy Crack,1.8973665961010278,Medium Crack,2.778488797889961,Heavy Crack
00050,2.12602916254693,Heavy Crack,1.8973665961010278,Medium Crack,2.3409399821439254,Heavy Crack
00051,0.8,Light Crack,0.0,Light Crack,1.6124515496597098,Medium Crack
00052,1.6124515496597098,Medium Crack,1.6,Medium Crack,2.23606797749979,Heavy Crack
00053,1.5231546211727818,Medium Crack,1.4142135623730951,Medium Crack,1.788854381999832,Medium Crack
00054,1.4142135623730951,Medium Crack,1.4000000000000001,Medium Crack,1.788854381999832,Medium Crack
00055,7.720103626247513,Heavy Crack,22.77981562699751,Heavy Crack,6.9656299069072,Heavy Crack
00056,7.3348483283569,Heavy Crack,15.33101431738944,Heavy Crack,6.881860213634102,Heavy Crack
00057,10.75174404457249,Heavy Crack,19.227064258487307,Heavy Crack,4.47213595499958,Heavy Crack
00058,6.896375859826667,Heavy Crack,23.48275963339914,Heavy Crack,3.82099463490856,Heavy Crack
00059,7.789736837660179,Heavy Crack,13.623509092741124,Heavy Crack,2.6,Heavy Crack
00060,5.015974481593782,Heavy Crack,8.683317338436964,Heavy Crack,4.2,Heavy Crack
00061,7.683749084919419,Heavy Crack,18.952572384771415,Heavy Crack,3.2,Heavy Crack
00062,7.655063683601856,Heavy Crack,12.258874336577565,Heavy Crack,5.6035702904487605,Heavy Crack
00063,9.915644204992432,Heavy Crack,12.32233744059949,Heavy Crack,4.525483399593905,Heavy Crack
00064,8.683317338436964,Heavy Crack,14.284257068535277,Heavy Crack,2.973213749463701,Heavy Crack
00065,6.4,Heavy Crack,16.92572007330855,Heavy Crack,3.405877273185281,Heavy Crack
00066,7.076722405181653,Heavy Crack,17.085666507338836,Heavy Crack,2.6,Heavy Crack
00067,10.742439201596628,Heavy Crack,18.880677953929517,Heavy Crack,3.0,Heavy Crack
00068,6.161168720299745,Heavy Crack,8.820430828479978,Heavy Crack,6.08276253029822,Heavy Crack
00069,8.072174428244226,Heavy Crack,16.601204775557708,Heavy Crack,2.8844410203711917,Heavy Crack
00070,8.411896337925237,Heavy Crack,13.42385935563987,Heavy Crack,3.1622776601683795,Heavy Crack
00071,12.003332870498927,Heavy Crack,19.276929216034386,Heavy Crack,2.4083189157584592,Heavy Crack
00072,7.696752561957543,Heavy Crack,13.274034804836095,Heavy Crack,2.60768096208106,Heavy Crack
00073,8.06225774829855,Heavy Crack,15.315351775261318,Heavy Crack,2.668332812825267,Heavy Crack
00074,7.96994353806851,Heavy Crack,14.422205101855958,Heavy Crack,2.9120439557122073,Heavy Crack
00075,11.030865786510141,Heavy Crack,22.7437903613272,Heavy Crack,2.4083189157584592,Heavy Crack
00076,6.905070600652827,Heavy Crack,13.47145129523913,Heavy Crack,2.668332812825267,Heavy Crack
00077,8.4,Heavy Crack,14.930505684671232,Heavy Crack,3.1240998703626617,Heavy Crack
00078,5.385164807134505,Heavy Crack,6.212889826803627,Heavy Crack,4.6173585522460785,Heavy Crack
00079,3.3105890714493698,Heavy Crack,3.88329756778952,Heavy Crack,3.2557641192199416,Heavy Crack
00080,3.3286633954186478,Heavy Crack,3.88329756778952,Heavy Crack,3.006659275674582,Heavy Crack
00081,4.0,Heavy Crack,4.720169488482379,Heavy Crack,4.294182110716778,Heavy Crack
00082,5.0,Heavy Crack,5.813776741499454,Heavy Crack,5.126402247190519,Heavy Crack
00083,2.433105012119288,Heavy Crack,4.049691346263318,Heavy Crack,2.039607805437114,Heavy Crack
00084,3.6715119501371642,Heavy Crack,4.753945729601885,Heavy Crack,3.3105890714493698,Heavy Crack
00085,3.2557641192199416,Heavy Crack,4.294182110716778,Heavy Crack,3.4000000000000004,Heavy Crack
00086,3.2310988842807022,Heavy Crack,4.604345773288535,Heavy Crack,2.95296461204668,Heavy Crack
00087,3.2557641192199416,Heavy Crack,4.237924020083418,Heavy Crack,2.973213749463701,Heavy Crack
00088,3.8418745424597094,Heavy Crack,9.783659846908009,Heavy Crack,2.973213749463701,Heavy Crack
00089,3.676955262170047,Heavy Crack,7.528612089887485,Heavy Crack,3.4176014981270124,Heavy Crack
00090,2.0,Medium Crack,2.973213749463701,Heavy Crack,2.3323807579381204,Heavy Crack
00091,2.2627416997969525,Heavy Crack,4.494441010848846,Heavy Crack,1.8,Medium Crack
00092,3.2249030993194197,Heavy Crack,8.0049984384758,Heavy Crack,2.60768096208106,Heavy Crack
00093,3.8470768123342687,Heavy Crack,12.880993750483695,Heavy Crack,2.720294101747089,Heavy Crack
00094,3.3286633954186478,Heavy Crack,8.440379138403676,Heavy Crack,2.8425340807103794,Heavy Crack
00095,3.3286633954186478,Heavy Crack,6.931089380465384,Heavy Crack,3.0,Heavy Crack
00096,5.90592922409336,Heavy Crack,8.357032966310472,Heavy Crack,6.053098380168623,Heavy Crack
00097,6.356099432828282,Heavy Crack,8.955445270895245,Heavy Crack,5.571355310873648,Heavy Crack
00098,4.951767361255979,Heavy Crack,8.221921916437786,Heavy Crack,3.1622776601683795,Heavy Crack
00099,4.118252056394801,Heavy Crack,7.011419257183242,Heavy Crack,2.720294101747089,Heavy Crack
00100,3.4176014981270124,Heavy Crack,5.3814496188294845,Heavy Crack,2.60768096208106,Heavy Crack
00101,2.6907248094147422,Heavy Crack,6.6573267908372955,Heavy Crack,2.280350850198276,Heavy Crack
00102,2.0,Medium Crack,4.204759208325728,Heavy Crack,2.0,Medium Crack
00103,2.9120439557122073,Heavy Crack,5.4,Heavy Crack,2.8284271247461903,Heavy Crack
00104,4.418144406874904,Heavy Crack,6.212889826803627,Heavy Crack,4.368065933568311,Heavy Crack
00105,2.12602916254693,Heavy Crack,5.203844732503075,Heavy Crack,2.4083189157584592,Heavy Crack
00106,6.0,Heavy Crack,6.603029607687671,Heavy Crack,6.013318551349164,Heavy Crack
00107,8.6,Heavy Crack,8.78635305459552,Heavy Crack,9.600000000000001,Heavy Crack
00108,8.089499366462674,Heavy Crack,8.54400374531753,Heavy Crack,7.602631123499285,Heavy Crack
00109,4.720169488482379,Heavy Crack,6.873136110975833,Heavy Crack,4.079215610874228,Heavy Crack
00110,4.0,Heavy Crack,6.603029607687671,Heavy Crack,3.7735924528226414,Heavy Crack
00111,4.404543109109048,Heavy Crack,11.560276813294742,Heavy Crack,4.294182110716778,Heavy Crack
00112,4.418144406874904,Heavy Crack,11.954915307102766,Heavy Crack,3.8052595180880893,Heavy Crack
00113,4.6173585522460785,Heavy Crack,16.560193235587562,Heavy Crack,2.8284271247461903,Heavy Crack
00114,4.565084884205331,Heavy Crack,8.485281374238571,Heavy Crack,2.973213749463701,Heavy Crack
00115,4.651881339845203,Heavy Crack,9.682974749528164,Heavy Crack,2.95296461204668,Heavy Crack
00116,6.873136110975833,Heavy Crack,17.82133552795637,Heavy Crack,2.863564212655271,Heavy Crack
00117,6.80294054067798,Heavy Crack,16.473008225579203,Heavy Crack,4.25205832509386,Heavy Crack
00118,5.720139858430037,Heavy Crack,12.720062892926277,Heavy Crack,4.560701700396552,Heavy Crack
00119,6.723094525588644,Heavy Crack,20.7171426601257,Heavy Crack,3.2557641192199416,Heavy Crack
00120,4.8373546489791295,Heavy Crack,16.41097193952875,Heavy Crack,3.3526109228480423,Heavy Crack
00121,7.4,Heavy Crack,17.88854381999832,Heavy Crack,3.82099463490856,Heavy Crack
00122,8.0,Heavy Crack,32.102959365142645,Heavy Crack,3.2557641192199416,Heavy Crack
00123,8.002499609497022,Heavy Crack,32.102959365142645,Heavy Crack,4.638965401897281,Heavy Crack
00124,9.4,Heavy Crack,17.3908021666627,Heavy Crack,4.804164859785725,Heavy Crack
00125,7.3348483283569,Heavy Crack,15.370100845472681,Heavy Crack,3.8418745424597094,Heavy Crack
00126,9.503683496413379,Heavy Crack,18.270194306574847,Heavy Crack,3.6055512754639896,Heavy Crack
00127,3.0528675044947495,Heavy Crack,4.404543109109048,Heavy Crack,3.130495168499706,Heavy Crack
00128,6.003332407921454,Heavy Crack,14.866068747318506,Heavy Crack,3.4176014981270124,Heavy Crack
00129,5.571355310873648,Heavy Crack,14.69965986001037,Heavy Crack,2.720294101747089,Heavy Crack
00130,7.2277243998370615,Heavy Crack,13.954210834009928,Heavy Crack,3.6055512754639896,Heavy Crack
00131,7.1693793315739685,Heavy Crack,13.416407864998739,Heavy Crack,4.9396356140913875,Heavy Crack
00132,6.887670143089025,Heavy Crack,14.042791745233567,Heavy Crack,4.651881339845203,Heavy Crack
00133,4.39089968002003,Heavy Crack,15.566630977832038,Heavy Crack,3.2557641192199416,Heavy Crack
00134,5.0,Heavy Crack,13.293607486307094,Heavy Crack,3.0265491900843116,Heavy Crack
00135,4.560701700396552,Heavy Crack,9.8812954616285,Heavy Crack,4.123105625617661,Heavy Crack
00136,3.0528675044947495,Heavy Crack,3.4000000000000004,Heavy Crack,3.394112549695428,Heavy Crack
00137,4.8166378315169185,Heavy Crack,13.695254652615994,Heavy Crack,4.123105625617661,Heavy Crack
00138,3.1240998703626617,Heavy Crack,3.676955262170047,Heavy Crack,3.4000000000000004,Heavy Crack
00139,5.047771785649585,Heavy Crack,5.720139858430037,Heavy Crack,5.800000000000001,Heavy Crack
00140,5.280151512977635,Heavy Crack,6.092618484691127,Heavy Crack,5.824087911424415,Heavy Crack
00141,2.863564212655271,Heavy Crack,4.25205832509386,Heavy Crack,2.8284271247461903,Heavy Crack
00142,2.973213749463701,Heavy Crack,4.280186911806539,Heavy Crack,2.778488797889961,Heavy Crack
00143,2.778488797889961,Heavy Crack,4.47213595499958,Heavy Crack,2.4738633753705965,Heavy Crack
00144,3.82099463490856,Heavy Crack,7.725283166331187,Heavy Crack,3.1240998703626617,Heavy Crack
00145,6.449806198638839,Heavy Crack,12.021647141718976,Heavy Crack,4.560701700396552,Heavy Crack
00146,8.032434251209281,Heavy Crack,12.041594578792296,Heavy Crack,4.294182110716778,Heavy Crack
00147,1.341640786499874,Medium Crack,1.6124515496597098,Medium Crack,1.8973665961010278,Medium Crack
00148,1.4142135623730951,Medium Crack,2.4166091947189146,Heavy Crack,2.23606797749979,Heavy Crack
00149,6.55133574166368,Heavy Crack,10.252804494381039,Heavy Crack,4.0,Heavy Crack
00150,4.079215610874228,Heavy Crack,8.160882305241266,Heavy Crack,4.019950248448356,Heavy Crack
00151,5.813776741499454,Heavy Crack,9.193475947648963,Heavy Crack,4.123105625617661,Heavy Crack
00152,4.870318264754369,Heavy Crack,5.830951894845301,Heavy Crack,4.6000000000000005,Heavy Crack
00153,5.813776741499454,Heavy Crack,8.988882021697693,Heavy Crack,5.385164807134505,Heavy Crack
00154,4.770744176750625,Heavy Crack,5.560575509783138,Heavy Crack,4.8373546489791295,Heavy Crack
00155,4.870318264754369,Heavy Crack,6.794115100585213,Heavy Crack,4.8083261120685235,Heavy Crack
00156,3.492849839314596,Heavy Crack,5.546169849544819,Heavy Crack,3.82099463490856,Heavy Crack
00157,4.560701700396552,Heavy Crack,8.402380615040002,Heavy Crack,4.753945729601885,Heavy Crack
00158,5.885575587824865,Heavy Crack,7.789736837660179,Heavy Crack,4.669047011971501,Heavy Crack
00159,5.556977595779922,Heavy Crack,9.374433316206373,Heavy Crack,7.924645102463581,Heavy Crack
00160,6.161168720299745,Heavy Crack,11.93314711214104,Heavy Crack,5.96657355607052,Heavy Crack
00161,5.546169849544819,Heavy Crack,8.395236744726143,Heavy Crack,5.720139858430037,Heavy Crack
00162,4.770744176750625,Heavy Crack,11.28716084761797,Heavy Crack,4.882622246293481,Heavy Crack
00163,5.414794548272354,Heavy Crack,11.303096920755834,Heavy Crack,3.8470768123342687,Heavy Crack
00164,4.560701700396552,Heavy Crack,6.684309986827362,Heavy Crack,3.82099463490856,Heavy Crack
00165,4.123105625617661,Heavy Crack,9.108238029388561,Heavy Crack,3.560898762952972,Heavy Crack
00166,4.947726750741193,Heavy Crack,9.808159868191384,Heavy Crack,5.126402247190519,Heavy Crack
00167,3.720215047547655,Heavy Crack,5.249761899362675,Heavy Crack,3.6715119501371642,Heavy Crack
00168,7.0710678118654755,Heavy Crack,14.714618581533129,Heavy Crack,6.105735008989499,Heavy Crack
00169,5.440588203494178,Heavy Crack,18.487833837418595,Heavy Crack,5.188448708429139,Heavy Crack
00170,5.2839379254491625,Heavy Crack,9.651942809610924,Heavy Crack,5.0039984012787215,Heavy Crack
00171,4.951767361255979,Heavy Crack,14.64923206178399,Heavy Crack,4.0,Heavy Crack
00172,5.047771785649585,Heavy Crack,12.702755606560334,Heavy Crack,4.841487374764082,Heavy Crack
00173,5.110772935672255,Heavy Crack,7.76659513557904,Heavy Crack,5.126402247190519,Heavy Crack
00174,3.9293765408777,Heavy Crack,7.871467461661772,Heavy Crack,3.984971769034255,Heavy Crack
00175,4.049691346263318,Heavy Crack,5.047771785649585,Heavy Crack,4.0,Heavy Crack
00176,3.720215047547655,Heavy Crack,6.092618484691127,Heavy Crack,3.6055512754639896,Heavy Crack
00177,3.720215047547655,Heavy Crack,10.031948963187563,Heavy Crack,3.6715119501371642,Heavy Crack
00178,7.155417527999328,Heavy Crack,12.0,Heavy Crack,6.04648658313239,Heavy Crack
00179,4.308131845707603,Heavy Crack,5.936328831862332,Heavy Crack,3.720215047547655,Heavy Crack
00180,4.294182110716778,Heavy Crack,5.727128425310542,Heavy Crack,3.8470768123342687,Heavy Crack
00181,3.6055512754639896,Heavy Crack,4.9396356140913875,Heavy Crack,3.6,Heavy Crack
00182,3.939543120718442,Heavy Crack,7.636753236814714,Heavy Crack,3.4985711369071804,Heavy Crack
00183,4.6173585522460785,Heavy Crack,9.701546268507924,Heavy Crack,3.3526109228480423,Heavy Crack
00184,3.9446165846632044,Heavy Crack,11.682465493208188,Heavy Crack,4.317406628984581,Heavy Crack
00185,2.8844410203711917,Heavy Crack,14.42497833620557,Heavy Crack,2.80713376952364,Heavy Crack
00186,3.88329756778952,Heavy Crack,15.243359209832983,Heavy Crack,3.0463092423455636,Heavy Crack
00187,5.091168824543143,Heavy Crack,15.566630977832038,Heavy Crack,5.047771785649585,Heavy Crack
00188,3.1240998703626617,Heavy Crack,4.123105625617661,Heavy Crack,3.130495168499706,Heavy Crack
00189,5.099019513592785,Heavy Crack,16.308280105516953,Heavy Crack,5.091168824543143,Heavy Crack
00190,4.525483399593905,Heavy Crack,17.750492950901393,Heavy Crack,4.317406628984581,Heavy Crack
00191,6.826419266350405,Heavy Crack,21.920766409959302,Heavy Crack,3.82099463490856,Heavy Crack
00192,4.870318264754369,Heavy Crack,5.96657355607052,Heavy Crack,5.830951894845301,Heavy Crack
00193,8.335466393669883,Heavy Crack,15.921055241409096,Heavy Crack,6.539113089708727,Heavy Crack
00194,6.356099432828282,Heavy Crack,14.969301920931384,Heavy Crack,6.118823416311343,Heavy Crack
00195,5.578530272392541,Heavy Crack,16.208639671483848,Heavy Crack,2.0,Medium Crack
00196,4.3266615305567875,Heavy Crack,17.422973339817748,Heavy Crack,2.08806130178211,Heavy Crack
00197,6.390618123468183,Heavy Crack,18.531055015837605,Heavy Crack,2.3323807579381204,Heavy Crack
00198,7.3348483283569,Heavy Crack,15.494515158597252,Heavy Crack,2.8844410203711917,Heavy Crack
00199,6.118823416311343,Heavy Crack,15.388307249337075,Heavy Crack,4.741307836451879,Heavy Crack
00200,4.903060268852506,Heavy Crack,6.016643582596529,Heavy Crack,5.385164807134505,Heavy Crack
00201,8.229216244576394,Heavy Crack,16.419500601419035,Heavy Crack,8.373768566183328,Heavy Crack
00202,7.602631123499285,Heavy Crack,14.686047800548657,Heavy Crack,8.091971329657564,Heavy Crack
00203,6.675327707311455,Heavy Crack,16.64692163734785,Heavy Crack,3.423448553724738,Heavy Crack
00204,7.280109889280519,Heavy Crack,32.102959365142645,Heavy Crack,3.2249030993194197,Heavy Crack
00205,7.09365914038728,Heavy Crack,18.784035775093702,Heavy Crack,2.668332812825267,Heavy Crack
00206,4.25205832509386,Heavy Crack,15.929846201391904,Heavy Crack,3.3526109228480423,Heavy Crack
00207,3.3105890714493698,Heavy Crack,4.39089968002003,Heavy Crack,3.3105890714493698,Heavy Crack
00208,4.237924020083418,Heavy Crack,18.471599822430107,Heavy Crack,2.683281572999748,Heavy Crack
00209,2.863564212655271,Heavy Crack,4.024922359499622,Heavy Crack,3.2,Heavy Crack
00210,2.863564212655271,Heavy Crack,4.947726750741193,Heavy Crack,2.8844410203711917,Heavy Crack
00211,3.1240998703626617,Heavy Crack,4.044749683231337,Heavy Crack,2.863564212655271,Heavy Crack
00212,2.785677655436824,Heavy Crack,6.315061361538778,Heavy Crack,2.683281572999748,Heavy Crack
00213,3.8470768123342687,Heavy Crack,6.985699678629192,Heavy Crack,4.123105625617661,Heavy Crack
00214,2.8284271247461903,Heavy Crack,10.825894882179487,Heavy Crack,2.2,Heavy Crack
00215,2.60768096208106,Heavy Crack,6.095900261651269,Heavy Crack,1.788854381999832,Medium Crack
00216,2.8425340807103794,Heavy Crack,7.992496481075235,Heavy Crack,2.6,Heavy Crack
00217,3.8052595180880893,Heavy Crack,7.025667228100119,Heavy Crack,4.118252056394801,Heavy Crack
00218,3.687817782917155,Heavy Crack,6.6211781428987395,Heavy Crack,3.6,Heavy Crack
00219,4.753945729601885,Heavy Crack,7.76659513557904,Heavy Crack,4.294182110716778,Heavy Crack
00220,4.707440918375928,Heavy Crack,12.650691680694777,Heavy Crack,3.88329756778952,Heavy Crack
00221,4.47213595499958,Heavy Crack,9.61873172512884,Heavy Crack,3.7947331922020555,Heavy Crack
00222,4.604345773288535,Heavy Crack,11.26410227226298,Heavy Crack,3.0463092423455636,Heavy Crack
00223,6.08276253029822,Heavy Crack,10.846197490365,Heavy Crack,6.45600495662759,Heavy Crack
00224,8.676404785393546,Heavy Crack,10.64518670573701,Heavy Crack,9.138927727036691,Heavy Crack
00225,7.467261881037789,Heavy Crack,8.0049984384758,Heavy Crack,8.099382692526635,Heavy Crack
00226,11.8,Heavy Crack,12.033287165193059,Heavy Crack,9.60832971957145,Heavy Crack
00227,11.684177335182824,Heavy Crack,12.77810627597063,Heavy Crack,6.260990336999412,Heavy Crack
00228,9.767292357659825,Heavy Crack,10.200000000000001,Heavy Crack,6.942621983083914,Heavy Crack
00229,5.122499389946279,Heavy Crack,13.243866504914644,Heavy Crack,4.204759208325728,Heavy Crack
00230,3.6055512754639896,Heavy Crack,11.322543883774529,Heavy Crack,3.0594117081556713,Heavy Crack
00231,3.82099463490856,Heavy Crack,9.178235124467014,Heavy Crack,2.433105012119288,Heavy Crack
00232,3.5383612025908264,Heavy Crack,6.212889826803627,Heavy Crack,2.8000000000000003,Heavy Crack
00233,3.82099463490856,Heavy Crack,10.200000000000001,Heavy Crack,3.8470768123342687,Heavy Crack
00234,4.024922359499622,Heavy Crack,9.633275663033837,Heavy Crack,2.778488797889961,Heavy Crack
00235,5.571355310873648,Heavy Crack,9.92975326984513,Heavy Crack,3.492849839314596,Heavy Crack
00236,4.118252056394801,Heavy Crack,10.280077820717118,Heavy Crack,3.0463092423455636,Heavy Crack
00237,4.386342439892262,Heavy Crack,4.947726750741193,Heavy Crack,4.494441010848846,Heavy Crack
00238,3.687817782917155,Heavy Crack,11.627553482998907,Heavy Crack,3.577708763999664,Heavy Crack
00239,3.3105890714493698,Heavy Crack,7.615773105863909,Heavy Crack,3.4000000000000004,Heavy Crack
00240,4.219004621945798,Heavy Crack,16.150541786577936,Heavy Crack,2.6305892875931813,Heavy Crack
00241,4.0,Heavy Crack,11.157060544785082,Heavy Crack,3.4000000000000004,Heavy Crack
00242,5.546169849544819,Heavy Crack,6.0,Heavy Crack,5.758472019555188,Heavy Crack
00243,3.1622776601683795,Heavy Crack,5.946427498927402,Heavy Crack,3.2,Heavy Crack
00244,5.458937625582473,Heavy Crack,6.0,Heavy Crack,5.0039984012787215,Heavy Crack
00245,4.242640687119286,Heavy Crack,11.59655121145938,Heavy Crack,4.242640687119286,Heavy Crack
00246,5.325410782277739,Heavy Crack,6.0,Heavy Crack,5.1613951602255765,Heavy Crack
00247,3.6715119501371642,Heavy Crack,4.294182110716778,Heavy Crack,3.736308338453881,Heavy Crack
00248,2.280350850198276,Heavy Crack,4.123105625617661,Heavy Crack,1.9798989873223332,Medium Crack
00249,2.778488797889961,Heavy Crack,5.800000000000001,Heavy Crack,2.505992817228334,Heavy Crack
00250,2.778488797889961,Heavy Crack,7.467261881037789,Heavy Crack,2.60768096208106,Heavy Crack
00251,2.0591260281974004,Heavy Crack,7.694153624668537,Heavy Crack,1.8867962264113207,Medium Crack
00252,2.973213749463701,Heavy Crack,6.905070600652827,Heavy Crack,3.0,Heavy Crack
00253,3.0463092423455636,Heavy Crack,8.35463942968217,Heavy Crack,2.863564212655271,Heavy Crack
00254,5.21536192416212,Heavy Crack,11.00727032465361,Heavy Crack,2.4083189157584592,Heavy Crack
00255,5.0,Heavy Crack,15.709869509324387,Heavy Crack,2.4000000000000004,Heavy Crack
00256,5.099019513592785,Heavy Crack,11.682465493208188,Heavy Crack,2.0591260281974004,Heavy Crack
00257,3.0528675044947495,Heavy Crack,10.19803902718557,Heavy Crack,2.0,Medium Crack
00258,2.863564212655271,Heavy Crack,10.63202708800161,Heavy Crack,1.8,Medium Crack
00259,3.3105890714493698,Heavy Crack,5.403702434442518,Heavy Crack,2.8844410203711917,Heavy Crack
00260,2.6907248094147422,Heavy Crack,4.219004621945798,Heavy Crack,3.0265491900843116,Heavy Crack
00261,4.044749683231337,Heavy Crack,4.4,Heavy Crack,4.17612260356422,Heavy Crack
00262,2.529822128134704,Heavy Crack,5.21536192416212,Heavy Crack,2.12602916254693,Heavy Crack
00263,3.7735924528226414,Heavy Crack,9.368030742904295,Heavy Crack,2.3409399821439254,Heavy Crack
00264,3.394112549695428,Heavy Crack,3.7735924528226414,Heavy Crack,3.3105890714493698,Heavy Crack
00265,3.3105890714493698,Heavy Crack,5.656854249492381,Heavy Crack,2.4083189157584592,Heavy Crack
00266,3.984971769034255,Heavy Crack,4.741307836451879,Heavy Crack,3.736308338453881,Heavy Crack
00267,2.8284271247461903,Heavy Crack,3.560898762952972,Heavy Crack,2.23606797749979,Heavy Crack
00268,4.204759208325728,Heavy Crack,5.0,Heavy Crack,4.044749683231337,Heavy Crack
00269,4.720169488482379,Heavy Crack,12.214745187681977,Heavy Crack,2.4083189157584592,Heavy Crack
00270,4.17612260356422,Heavy Crack,15.926079241294765,Heavy Crack,3.2984845004941286,Heavy Crack
00271,6.4031242374328485,Heavy Crack,18.601075237738275,Heavy Crack,3.6715119501371642,Heavy Crack
00272,7.244308110509934,Heavy Crack,13.695254652615994,Heavy Crack,2.668332812825267,Heavy Crack
00273,7.696752561957543,Heavy Crack,20.801922988031663,Heavy Crack,2.668332812825267,Heavy Crack
00274,10.62826420446914,Heavy Crack,17.560182231400674,Heavy Crack,2.6,Heavy Crack
00275,13.41044369139217,Heavy Crack,20.757649192526596,Heavy Crack,4.219004621945798,Heavy Crack
00276,2.4738633753705965,Heavy Crack,3.1622776601683795,Heavy Crack,2.4000000000000004,Heavy Crack
00277,11.443775600735975,Heavy Crack,18.98420396013486,Heavy Crack,4.123105625617661,Heavy Crack
00278,11.476933388322859,Heavy Crack,32.102959365142645,Heavy Crack,4.638965401897281,Heavy Crack
00279,15.463505424062166,Heavy Crack,32.102959365142645,Heavy Crack,4.317406628984581,Heavy Crack
00280,13.971399357258385,Heavy Crack,22.64155471693585,Heavy Crack,2.6,Heavy Crack
00281,13.453624047073712,Heavy Crack,18.027756377319946,Heavy Crack,2.1540659228538015,Heavy Crack
00282,13.96280774056565,Heavy Crack,18.137254478007417,Heavy Crack,2.529822128134704,Heavy Crack
00283,14.864723340849636,Heavy Crack,20.518284528683193,Heavy Crack,3.4176014981270124,Heavy Crack
00284,13.091982279242513,Heavy Crack,14.989329538041387,Heavy Crack,3.4525353003264136,Heavy Crack
00285,11.600000000000001,Heavy Crack,24.14953415699773,Heavy Crack,2.4083189157584592,Heavy Crack
00286,2.683281572999748,Heavy Crack,3.2249030993194197,Heavy Crack,2.209072203437452,Heavy Crack
00287,9.280086206496145,Heavy Crack,23.38632078801623,Heavy Crack,2.785677655436824,Heavy Crack
00288,11.896217886370442,Heavy Crack,29.008274681545608,Heavy Crack,3.6055512754639896,Heavy Crack
00289,9.759098319004682,Heavy Crack,17.33666634621547,Heavy Crack,3.0594117081556713,Heavy Crack
00290,8.409518416651457,Heavy Crack,15.273506473629428,Heavy Crack,3.394112549695428,Heavy Crack
00291,9.701546268507924,Heavy Crack,21.18962010041709,Heavy Crack,2.863564212655271,Heavy Crack
00292,9.476286192385707,Heavy Crack,32.102959365142645,Heavy Crack,3.006659275674582,Heavy Crack
00293,2.60768096208106,Heavy Crack,4.753945729601885,Heavy Crack,2.3409399821439254,Heavy Crack
00294,2.529822128134704,Heavy Crack,8.4,Heavy Crack,2.4413111231467406,Heavy Crack
00295,2.3409399821439254,Heavy Crack,2.8000000000000003,Heavy Crack,2.6,Heavy Crack
00296,3.0,Heavy Crack,8.236504112789602,Heavy Crack,2.4083189157584592,Heavy Crack
00297,4.049691346263318,Heavy Crack,7.045565981523414,Heavy Crack,1.8439088914585775,Medium Crack
00298,3.8000000000000003,Heavy Crack,16.705687654209267,Heavy Crack,2.1540659228538015,Heavy Crack
00299,2.08806130178211,Heavy Crack,4.604345773288535,Heavy Crack,2.1540659228538015,Heavy Crack
00300,2.785677655436824,Heavy Crack,4.6000000000000005,Heavy Crack,2.5612496949731396,Heavy Crack
00301,2.683281572999748,Heavy Crack,7.2277243998370615,Heavy Crack,1.8110770276274835,Medium Crack
00302,2.8844410203711917,Heavy Crack,8.246211251235321,Heavy Crack,3.0,Heavy Crack
00303,2.3409399821439254,Heavy Crack,7.08801805866774,Heavy Crack,2.0591260281974004,Heavy Crack
00304,3.3286633954186478,Heavy Crack,8.440379138403676,Heavy Crack,3.2249030993194197,Heavy Crack
00305,2.3409399821439254,Heavy Crack,6.352952069707436,Heavy Crack,1.4142135623730951,Medium Crack
00306,3.6055512754639896,Heavy Crack,8.692525524840292,Heavy Crack,3.1622776601683795,Heavy Crack
00307,4.317406628984581,Heavy Crack,15.122169156572745,Heavy Crack,3.423448553724738,Heavy Crack
00308,3.7947331922020555,Heavy Crack,14.0470637501223,Heavy Crack,2.720294101747089,Heavy Crack
00309,2.009975124224178,Heavy Crack,2.6,Heavy Crack,2.2,Heavy Crack
00310,3.736308338453881,Heavy Crack,13.38805437694365,Heavy Crack,2.23606797749979,Heavy Crack
00311,4.0,Heavy Crack,12.088010589009262,Heavy Crack,2.433105012119288,Heavy Crack
00312,5.280151512977635,Heavy Crack,14.499655168313488,Heavy Crack,2.683281572999748,Heavy Crack
00313,3.8470768123342687,Heavy Crack,14.122322755127783,Heavy Crack,2.4000000000000004,Heavy Crack
00314,3.88329756778952,Heavy Crack,12.348279232346506,Heavy Crack,3.0265491900843116,Heavy Crack
00315,3.939543120718442,Heavy Crack,12.175385004179539,Heavy Crack,2.778488797889961,Heavy Crack
00316,3.8470768123342687,Heavy Crack,9.848857801796106,Heavy Crack,2.80713376952364,Heavy Crack
00317,4.17612260356422,Heavy Crack,8.438009243891596,Heavy Crack,4.019950248448356,Heavy Crack
00318,4.525483399593905,Heavy Crack,13.484806264830059,Heavy Crack,3.2984845004941286,Heavy Crack
00319,4.27551166528639,Heavy Crack,12.459534501738018,Heavy Crack,2.60768096208106,Heavy Crack
00320,8.54400374531753,Heavy Crack,16.190120444270946,Heavy Crack,2.4083189157584592,Heavy Crack
00321,6.356099432828282,Heavy Crack,18.531055015837605,Heavy Crack,3.2,Heavy Crack
00322,2.3409399821439254,Heavy Crack,3.2,Heavy Crack,2.4166091947189146,Heavy Crack
00323,2.3409399821439254,Heavy Crack,3.2,Heavy Crack,2.529822128134704,Heavy Crack
00324,2.3409399821439254,Heavy Crack,3.2,Heavy Crack,2.6,Heavy Crack
00325,1.1313708498984762,Medium Crack,2.6907248094147422,Heavy Crack,1.8,Medium Crack
00326,1.4422205101855958,Medium Crack,2.2,Heavy Crack,1.6124515496597098,Medium Crack
00327,2.2,Heavy Crack,2.785677655436824,Heavy Crack,2.3409399821439254,Heavy Crack
00328,2.23606797749979,Heavy Crack,5.43323108288245,Heavy Crack,1.969771560359221,Medium Crack
00329,1.019803902718557,Medium Crack,1.5620499351813308,Medium Crack,1.6,Medium Crack
00330,1.8973665961010278,Medium Crack,4.440720662234904,Heavy Crack,1.4422205101855958,Medium Crack
00331,2.2,Heavy Crack,5.015974481593782,Heavy Crack,1.969771560359221,Medium Crack
00332,2.08806130178211,Heavy Crack,3.2984845004941286,Heavy Crack,2.039607805437114,Heavy Crack
00333,5.458937625582473,Heavy Crack,12.702755606560334,Heavy Crack,2.80713376952364,Heavy Crack
00334,4.753945729601885,Heavy Crack,14.8,Heavy Crack,2.1540659228538015,Heavy Crack
00335,2.60768096208106,Heavy Crack,3.6055512754639896,Heavy Crack,2.529822128134704,Heavy Crack
00336,2.4000000000000004,Heavy Crack,8.06225774829855,Heavy Crack,1.8,Medium Crack
00337,1.8,Medium Crack,2.1633307652783937,Heavy Crack,2.0591260281974004,Heavy Crack
00338,2.8000000000000003,Heavy Crack,3.0,Heavy Crack,3.1622776601683795,Heavy Crack
00339,1.6124515496597098,Medium Crack,2.973213749463701,Heavy Crack,3.9597979746446663,Heavy Crack
00340,2.0,Medium Crack,2.4083189157584592,Heavy Crack,2.4083189157584592,Heavy Crack
00341,2.8284271247461903,Heavy Crack,3.2,Heavy Crack,3.2557641192199416,Heavy Crack
00342,5.3814496188294845,Heavy Crack,6.942621983083914,Heavy Crack,4.565084884205331,Heavy Crack
00343,2.8000000000000003,Heavy Crack,3.104834939252005,Heavy Crack,3.0463092423455636,Heavy Crack
00344,4.404543109109048,Heavy Crack,8.440379138403676,Heavy Crack,3.82099463490856,Heavy Crack
00345,3.006659275674582,Heavy Crack,3.2,Heavy Crack,3.2,Heavy Crack
00346,5.882176467941097,Heavy Crack,15.05722417977497,Heavy Crack,1.5231546211727818,Medium Crack
00347,5.3814496188294845,Heavy Crack,7.08801805866774,Heavy Crack,7.102112361825881,Heavy Crack
00348,3.2802438933713454,Heavy Crack,4.604345773288535,Heavy Crack,3.3105890714493698,Heavy Crack
00349,5.21536192416212,Heavy Crack,13.926952286842948,Heavy Crack,1.4422205101855958,Medium Crack
00350,2.785677655436824,Heavy Crack,2.9120439557122073,Heavy Crack,3.0594117081556713,Heavy Crack
00351,8.049844718999244,Heavy Crack,12.894960255851897,Heavy Crack,2.3409399821439254,Heavy Crack
00352,2.23606797749979,Heavy Crack,2.4166091947189146,Heavy Crack,3.2557641192199416,Heavy Crack
00353,3.006659275674582,Heavy Crack,3.2,Heavy Crack,3.2557641192199416,Heavy Crack
00354,2.863564212655271,Heavy Crack,3.0594117081556713,Heavy Crack,3.0594117081556713,Heavy Crack
00355,2.95296461204668,Heavy Crack,3.104834939252005,Heavy Crack,3.0463092423455636,Heavy Crack
00356,2.2627416997969525,Heavy Crack,2.280350850198276,Heavy Crack,2.863564212655271,Heavy Crack
00357,2.9120439557122073,Heavy Crack,3.130495168499706,Heavy Crack,3.2557641192199416,Heavy Crack
00358,2.6,Heavy Crack,2.5612496949731396,Heavy Crack,2.785677655436824,Heavy Crack
00359,2.60768096208106,Heavy Crack,2.60768096208106,Heavy Crack,3.0,Heavy Crack
00360,2.720294101747089,Heavy Crack,2.778488797889961,Heavy Crack,3.0594117081556713,Heavy Crack
00361,1.6,Medium Crack,1.6,Medium Crack,2.12602916254693,Heavy Crack
00362,1.341640786499874,Medium Crack,1.264911064067352,Medium Crack,1.5620499351813308,Medium Crack
00363,1.8867962264113207,Medium Crack,1.6124515496597098,Medium Crack,1.969771560359221,Medium Crack
00364,1.8439088914585775,Medium Crack,1.5620499351813308,Medium Crack,2.280350850198276,Heavy Crack
00365,1.8110770276274835,Medium Crack,1.697056274847714,Medium Crack,2.668332812825267,Heavy Crack
00366,1.0,Light Crack,0.0,Light Crack,1.341640786499874,Medium Crack
00367,1.264911064067352,Medium Crack,1.264911064067352,Medium Crack,1.6124515496597098,Medium Crack
00368,1.264911064067352,Medium Crack,1.5231546211727818,Medium Crack,1.6,Medium Crack
00369,1.0,Light Crack,1.4560219778561037,Medium Crack,1.4142135623730951,Medium Crack
00370,1.0,Light Crack,1.4422205101855958,Medium Crack,1.264911064067352,Medium Crack
00371,1.0,Light Crack,1.2806248474865698,Medium Crack,1.216552506059644,Medium Crack
00372,1.5231546211727818,Medium Crack,1.6124515496597098,Medium Crack,1.6,Medium Crack
00373,1.4560219778561037,Medium Crack,1.5231546211727818,Medium Crack,1.5620499351813308,Medium Crack
00374,1.4560219778561037,Medium Crack,1.5231546211727818,Medium Crack,1.4422205101855958,Medium Crack
00375,1.341640786499874,Medium Crack,1.264911064067352,Medium Crack,1.0770329614269007,Medium Crack
00376,1.019803902718557,Medium Crack,1.2000000000000002,Medium Crack,1.2000000000000002,Medium Crack
00377,1.0,Light Crack,1.341640786499874,Medium Crack,1.788854381999832,Medium Crack
00378,1.0770329614269007,Medium Crack,1.264911064067352,Medium Crack,1.4422205101855958,Medium Crack
00379,2.08806130178211,Heavy Crack,2.4000000000000004,Heavy Crack,2.3409399821439254,Heavy Crack
00380,2.2,Heavy Crack,2.3409399821439254,Heavy Crack,2.433105012119288,Heavy Crack
00381,1.4560219778561037,Medium Crack,1.6124515496597098,Medium Crack,1.788854381999832,Medium Crack
00382,0.632455532033676,Light Crack,0.0,Light Crack,1.0770329614269007,Medium Crack
00383,1.4560219778561037,Medium Crack,1.6124515496597098,Medium Crack,1.6124515496597098,Medium Crack
00384,1.216552506059644,Medium Crack,1.6,Medium Crack,1.4000000000000001,Medium Crack
00385,0.7211102550927979,Light Crack,0.0,Light Crack,1.2806248474865698,Medium Crack
00386,0.8,Light Crack,0.0,Light Crack,1.264911064067352,Medium Crack
00387,2.0591260281974004,Heavy Crack,2.009975124224178,Heavy Crack,2.8000000000000003,Heavy Crack
00388,2.08806130178211,Heavy Crack,2.009975124224178,Heavy Crack,2.4166091947189146,Heavy Crack
00389,2.4083189157584592,Heavy Crack,2.6,Heavy Crack,2.785677655436824,Heavy Crack
00390,2.0,Medium Crack,2.039607805437114,Heavy Crack,2.12602916254693,Heavy Crack
00391,2.0,Medium Crack,2.039607805437114,Heavy Crack,2.2627416997969525,Heavy Crack
00392,1.7088007490635062,Medium Crack,1.969771560359221,Medium Crack,1.7204650534085255,Medium Crack
00393,4.707440918375928,Heavy Crack,5.035871324805669,Heavy Crack,4.870318264754369,Heavy Crack
00394,3.622154055254967,Heavy Crack,3.8626415831655936,Heavy Crack,3.82099463490856,Heavy Crack
00395,2.778488797889961,Heavy Crack,3.1240998703626617,Heavy Crack,2.95296461204668,Heavy Crack
00396,4.707440918375928,Heavy Crack,5.063595560468865,Heavy Crack,5.035871324805669,Heavy Crack
00397,4.242640687119286,Heavy Crack,4.39089968002003,Heavy Crack,4.123105625617661,Heavy Crack
00398,4.242640687119286,Heavy Crack,4.440720662234904,Heavy Crack,4.1036569057366385,Heavy Crack
00399,3.7576588456111875,Heavy Crack,4.753945729601885,Heavy Crack,4.3266615305567875,Heavy Crack
00400,3.2557641192199416,Heavy Crack,3.4000000000000004,Heavy Crack,3.2,Heavy Crack
00401,3.0594117081556713,Heavy Crack,3.8470768123342687,Heavy Crack,3.2557641192199416,Heavy Crack
00402,2.8284271247461903,Heavy Crack,2.8000000000000003,Heavy Crack,3.0463092423455636,Heavy Crack
00403,3.2557641192199416,Heavy Crack,3.8418745424597094,Heavy Crack,3.4525353003264136,Heavy Crack
00404,3.1622776601683795,Heavy Crack,3.8000000000000003,Heavy Crack,3.4000000000000004,Heavy Crack
00405,3.2249030993194197,Heavy Crack,3.4000000000000004,Heavy Crack,3.4000000000000004,Heavy Crack
00406,2.60768096208106,Heavy Crack,2.720294101747089,Heavy Crack,3.3526109228480423,Heavy Crack
00407,3.0265491900843116,Heavy Crack,3.3105890714493698,Heavy Crack,3.577708763999664,Heavy Crack
00408,2.8000000000000003,Heavy Crack,2.973213749463701,Heavy Crack,3.1622776601683795,Heavy Crack
00409,2.4166091947189146,Heavy Crack,2.529822128134704,Heavy Crack,3.0,Heavy Crack
00410,2.8425340807103794,Heavy Crack,3.2984845004941286,Heavy Crack,3.4000000000000004,Heavy Crack
00411,2.4738633753705965,Heavy Crack,2.4166091947189146,Heavy Crack,2.505992817228334,Heavy Crack
00412,2.6,Heavy Crack,2.8000000000000003,Heavy Crack,3.2062439083762797,Heavy Crack
00413,3.0,Heavy Crack,3.3105890714493698,Heavy Crack,3.0265491900843116,Heavy Crack
00414,3.104834939252005,Heavy Crack,3.2984845004941286,Heavy Crack,3.8000000000000003,Heavy Crack
00415,1.6492422502470643,Medium Crack,1.5620499351813308,Medium Crack,1.9798989873223332,Medium Crack
00416,1.1661903789690602,Medium Crack,0.8,Light Crack,1.4422205101855958,Medium Crack
00417,1.0,Light Crack,0.7211102550927979,Light Crack,1.341640786499874,Medium Crack
00418,1.8439088914585775,Medium Crack,1.969771560359221,Medium Crack,2.209072203437452,Heavy Crack
00419,2.23606797749979,Heavy Crack,2.2,Heavy Crack,2.683281572999748,Heavy Crack
00420,2.2,Heavy Crack,2.2,Heavy Crack,2.529822128134704,Heavy Crack
00421,2.0,Medium Crack,2.4000000000000004,Heavy Crack,2.6,Heavy Crack
00422,1.969771560359221,Medium Crack,2.23606797749979,Heavy Crack,2.2,Heavy Crack
00423,1.6124515496597098,Medium Crack,2.2,Heavy Crack,2.433105012119288,Heavy Crack
00424,1.4000000000000001,Medium Crack,1.4422205101855958,Medium Crack,1.697056274847714,Medium Crack
00425,2.039607805437114,Heavy Crack,2.12602916254693,Heavy Crack,2.280350850198276,Heavy Crack
00426,2.4000000000000004,Heavy Crack,2.720294101747089,Heavy Crack,2.6,Heavy Crack
00427,1.6124515496597098,Medium Crack,1.8439088914585775,Medium Crack,2.23606797749979,Heavy Crack
00428,1.6,Medium Crack,1.7088007490635062,Medium Crack,2.0,Medium Crack
00429,2.039607805437114,Heavy Crack,2.4738633753705965,Heavy Crack,2.6907248094147422,Heavy Crack
00430,2.4000000000000004,Heavy Crack,2.720294101747089,Heavy Crack,2.60768096208106,Heavy Crack
00431,2.209072203437452,Heavy Crack,2.8000000000000003,Heavy Crack,2.720294101747089,Heavy Crack
00432,2.683281572999748,Heavy Crack,2.95296461204668,Heavy Crack,3.0463092423455636,Heavy Crack
00433,2.8284271247461903,Heavy Crack,3.2802438933713454,Heavy Crack,3.0594117081556713,Heavy Crack
00434,2.8284271247461903,Heavy Crack,3.2802438933713454,Heavy Crack,3.0528675044947495,Heavy Crack
00435,2.6305892875931813,Heavy Crack,2.973213749463701,Heavy Crack,2.9120439557122073,Heavy Crack
00436,3.8470768123342687,Heavy Crack,4.753945729601885,Heavy Crack,4.427188724235731,Heavy Crack
00437,4.0,Heavy Crack,4.833218389437829,Heavy Crack,4.427188724235731,Heavy Crack
00438,3.2984845004941286,Heavy Crack,3.54400902933387,Heavy Crack,3.2310988842807022,Heavy Crack
00439,2.8284271247461903,Heavy Crack,3.1240998703626617,Heavy Crack,2.8284271247461903,Heavy Crack
00440,2.4000000000000004,Heavy Crack,3.111269837220809,Heavy Crack,2.5612496949731396,Heavy Crack
00441,2.3323807579381204,Heavy Crack,2.973213749463701,Heavy Crack,2.8425340807103794,Heavy Crack
00442,2.12602916254693,Heavy Crack,2.5612496949731396,Heavy Crack,2.2627416997969525,Heavy Crack
00443,2.12602916254693,Heavy Crack,2.505992817228334,Heavy Crack,2.2627416997969525,Heavy Crack
00444,2.505992817228334,Heavy Crack,2.95296461204668,Heavy Crack,2.5455844122715714,Heavy Crack
00445,2.505992817228334,Heavy Crack,3.2249030993194197,Heavy Crack,2.505992817228334,Heavy Crack
00446,2.6,Heavy Crack,3.687817782917155,Heavy Crack,2.668332812825267,Heavy Crack
00447,2.433105012119288,Heavy Crack,3.130495168499706,Heavy Crack,2.683281572999748,Heavy Crack
00448,2.778488797889961,Heavy Crack,4.800000000000001,Heavy Crack,2.8844410203711917,Heavy Crack
00449,2.8000000000000003,Heavy Crack,3.0528675044947495,Heavy Crack,3.7735924528226414,Heavy Crack
00450,2.720294101747089,Heavy Crack,2.720294101747089,Heavy Crack,3.0,Heavy Crack
00451,2.529822128134704,Heavy Crack,2.8284271247461903,Heavy Crack,2.6907248094147422,Heavy Crack
00452,2.8000000000000003,Heavy Crack,3.0463092423455636,Heavy Crack,3.649657518178932,Heavy Crack
00453,2.720294101747089,Heavy Crack,2.8284271247461903,Heavy Crack,3.1622776601683795,Heavy Crack
00454,2.8000000000000003,Heavy Crack,3.104834939252005,Heavy Crack,3.1622776601683795,Heavy Crack
00455,3.3526109228480423,Heavy Crack,3.8470768123342687,Heavy Crack,3.88329756778952,Heavy Crack
00456,3.405877273185281,Heavy Crack,4.651881339845203,Heavy Crack,3.676955262170047,Heavy Crack
00457,4.565084884205331,Heavy Crack,5.531726674375733,Heavy Crack,4.604345773288535,Heavy Crack
00458,4.404543109109048,Heavy Crack,5.556977595779922,Heavy Crack,4.8166378315169185,Heavy Crack
00459,4.386342439892262,Heavy Crack,5.385164807134505,Heavy Crack,4.427188724235731,Heavy Crack
00460,3.6715119501371642,Heavy Crack,5.2,Heavy Crack,3.984971769034255,Heavy Crack
00461,3.6715119501371642,Heavy Crack,3.7576588456111875,Heavy Crack,3.676955262170047,Heavy Crack
00462,3.2,Heavy Crack,3.7576588456111875,Heavy Crack,3.3105890714493698,Heavy Crack
00463,3.6055512754639896,Heavy Crack,3.9293765408777,Heavy Crack,4.049691346263318,Heavy Crack
00464,3.5383612025908264,Heavy Crack,3.9698866482558417,Heavy Crack,3.82099463490856,Heavy Crack
00465,4.720169488482379,Heavy Crack,5.091168824543143,Heavy Crack,4.17612260356422,Heavy Crack
00466,4.8166378315169185,Heavy Crack,5.2345009313209605,Heavy Crack,5.336665625650534,Heavy Crack
00467,3.2,Heavy Crack,3.560898762952972,Heavy Crack,3.492849839314596,Heavy Crack
00468,3.2249030993194197,Heavy Crack,3.577708763999664,Heavy Crack,3.6055512754639896,Heavy Crack
00469,3.006659275674582,Heavy Crack,3.440930106817051,Heavy Crack,3.2984845004941286,Heavy Crack
00470,3.0,Heavy Crack,3.2,Heavy Crack,3.4176014981270124,Heavy Crack
00471,3.0,Heavy Crack,3.4525353003264136,Heavy Crack,3.3286633954186478,Heavy Crack
00472,2.785677655436824,Heavy Crack,3.111269837220809,Heavy Crack,3.0463092423455636,Heavy Crack
00473,3.0594117081556713,Heavy Crack,3.2984845004941286,Heavy Crack,3.4176014981270124,Heavy Crack
00474,3.104834939252005,Heavy Crack,3.4000000000000004,Heavy Crack,3.2802438933713454,Heavy Crack
00475,2.6305892875931813,Heavy Crack,3.3105890714493698,Heavy Crack,4.044749683231337,Heavy Crack
00476,3.423448553724738,Heavy Crack,3.492849839314596,Heavy Crack,4.242640687119286,Heavy Crack
00477,3.82099463490856,Heavy Crack,4.1036569057366385,Heavy Crack,4.404543109109048,Heavy Crack
00478,4.0,Heavy Crack,4.753945729601885,Heavy Crack,4.368065933568311,Heavy Crack
00479,3.9597979746446663,Heavy Crack,5.31413210223457,Heavy Crack,5.403702434442518,Heavy Crack
00480,3.687817782917155,Heavy Crack,7.280109889280519,Heavy Crack,3.88329756778952,Heavy Crack
00481,3.7735924528226414,Heavy Crack,6.315061361538778,Heavy Crack,4.17612260356422,Heavy Crack
00482,3.492849839314596,Heavy Crack,4.681879964287851,Heavy Crack,4.27551166528639,Heavy Crack
00483,3.7735924528226414,Heavy Crack,5.261178575186363,Heavy Crack,4.079215610874228,Heavy Crack
00484,4.866210024238576,Heavy Crack,5.385164807134505,Heavy Crack,5.546169849544819,Heavy Crack
00485,4.512205669071391,Heavy Crack,4.707440918375928,Heavy Crack,4.800000000000001,Heavy Crack
00486,3.5383612025908264,Heavy Crack,4.427188724235731,Heavy Crack,3.8626415831655936,Heavy Crack
00487,3.577708763999664,Heavy Crack,4.427188724235731,Heavy Crack,3.687817782917155,Heavy Crack
00488,3.4000000000000004,Heavy Crack,3.7947331922020555,Heavy Crack,3.440930106817051,Heavy Crack
00489,3.1622776601683795,Heavy Crack,4.118252056394801,Heavy Crack,3.54400902933387,Heavy Crack
00490,3.3105890714493698,Heavy Crack,3.4000000000000004,Heavy Crack,4.27551166528639,Heavy Crack
00491,2.505992817228334,Heavy Crack,4.237924020083418,Heavy Crack,3.0265491900843116,Heavy Crack
00492,3.3526109228480423,Heavy Crack,4.204759208325728,Heavy Crack,3.2310988842807022,Heavy Crack
00493,3.3105890714493698,Heavy Crack,4.242640687119286,Heavy Crack,2.683281572999748,Heavy Crack
00494,3.130495168499706,Heavy Crack,3.9293765408777,Heavy Crack,3.1240998703626617,Heavy Crack
00495,3.0265491900843116,Heavy Crack,3.939543120718442,Heavy Crack,2.973213749463701,Heavy Crack
00496,3.0594117081556713,Heavy Crack,4.17612260356422,Heavy Crack,3.0,Heavy Crack
00497,3.0,Heavy Crack,3.9597979746446663,Heavy Crack,3.2249030993194197,Heavy Crack
00498,2.6305892875931813,Heavy Crack,4.118252056394801,Heavy Crack,2.9120439557122073,Heavy Crack
00499,2.668332812825267,Heavy Crack,3.4000000000000004,Heavy Crack,2.8000000000000003,Heavy Crack
00500,2.4413111231467406,Heavy Crack,3.687817782917155,Heavy Crack,2.5455844122715714,Heavy Crack
00501,1.8867962264113207,Medium Crack,2.433105012119288,Heavy Crack,2.0,Medium Crack
00502,3.405877273185281,Heavy Crack,3.9698866482558417,Heavy Crack,3.2802438933713454,Heavy Crack
00503,3.2,Heavy Crack,4.638965401897281,Heavy Crack,3.7576588456111875,Heavy Crack
00504,3.405877273185281,Heavy Crack,4.123105625617661,Heavy Crack,3.560898762952972,Heavy Crack
00505,3.394112549695428,Heavy Crack,4.6173585522460785,Heavy Crack,3.405877273185281,Heavy Crack
00506,3.130495168499706,Heavy Crack,4.118252056394801,Heavy Crack,3.2802438933713454,Heavy Crack
00507,2.08806130178211,Heavy Crack,4.161730409336963,Heavy Crack,1.8439088914585775,Medium Crack
00508,2.60768096208106,Heavy Crack,2.23606797749979,Heavy Crack,3.2249030993194197,Heavy Crack
00509,3.6,Heavy Crack,3.3105890714493698,Heavy Crack,4.161730409336963,Heavy Crack
00510,3.687817782917155,Heavy Crack,3.54400902933387,Heavy Crack,4.123105625617661,Heavy Crack
00511,2.1633307652783937,Heavy Crack,2.280350850198276,Heavy Crack,3.622154055254967,Heavy Crack
00512,2.6,Heavy Crack,4.8373546489791295,Heavy Crack,5.720139858430037,Heavy Crack
00513,2.95296461204668,Heavy Crack,4.8373546489791295,Heavy Crack,5.635601121442149,Heavy Crack
00514,2.973213749463701,Heavy Crack,2.8844410203711917,Heavy Crack,3.6715119501371642,Heavy Crack
00515,2.8000000000000003,Heavy Crack,3.3105890714493698,Heavy Crack,3.423448553724738,Heavy Crack
00516,4.079215610874228,Heavy Crack,4.368065933568311,Heavy Crack,4.919349550499538,Heavy Crack
00517,2.8284271247461903,Heavy Crack,3.7735924528226414,Heavy Crack,3.7947331922020555,Heavy Crack
00518,3.492849839314596,Heavy Crack,4.560701700396552,Heavy Crack,4.418144406874904,Heavy Crack
00519,3.3526109228480423,Heavy Crack,4.440720662234904,Heavy Crack,4.47213595499958,Heavy Crack
00520,4.5694638635183455,Heavy Crack,5.295280917949491,Heavy Crack,4.753945729601885,Heavy Crack
00521,2.9120439557122073,Heavy Crack,3.1622776601683795,Heavy Crack,3.560898762952972,Heavy Crack
00522,4.5694638635183455,Heavy Crack,5.2839379254491625,Heavy Crack,4.6173585522460785,Heavy Crack
00523,4.5694638635183455,Heavy Crack,5.2839379254491625,Heavy Crack,4.9396356140913875,Heavy Crack
00524,2.6305892875931813,Heavy Crack,2.863564212655271,Heavy Crack,2.95296461204668,Heavy Crack
00525,3.0528675044947495,Heavy Crack,3.492849839314596,Heavy Crack,3.2984845004941286,Heavy Crack
00526,2.4738633753705965,Heavy Crack,2.8844410203711917,Heavy Crack,2.778488797889961,Heavy Crack
00527,1.0,Light Crack,1.216552506059644,Medium Crack,1.216552506059644,Medium Crack
00528,1.4142135623730951,Medium Crack,1.6,Medium Crack,1.4000000000000001,Medium Crack
00529,2.529822128134704,Heavy Crack,2.95296461204668,Heavy Crack,2.6,Heavy Crack
00530,1.4560219778561037,Medium Crack,1.8973665961010278,Medium Crack,1.4560219778561037,Medium Crack
00531,1.8110770276274835,Medium Crack,2.2,Heavy Crack,1.788854381999832,Medium Crack
00532,1.4560219778561037,Medium Crack,1.8867962264113207,Medium Crack,1.7088007490635062,Medium Crack
00533,2.280350850198276,Heavy Crack,2.95296461204668,Heavy Crack,2.280350850198276,Heavy Crack
00534,2.785677655436824,Heavy Crack,3.939543120718442,Heavy Crack,2.95296461204668,Heavy Crack
00535,2.8425340807103794,Heavy Crack,4.17612260356422,Heavy Crack,3.1240998703626617,Heavy Crack
00536,3.560898762952972,Heavy Crack,4.204759208325728,Heavy Crack,4.0,Heavy Crack
00537,2.8844410203711917,Heavy Crack,3.4000000000000004,Heavy Crack,2.973213749463701,Heavy Crack
00538,2.8284271247461903,Heavy Crack,2.973213749463701,Heavy Crack,3.1240998703626617,Heavy Crack
00539,3.1240998703626617,Heavy Crack,3.676955262170047,Heavy Crack,3.492849839314596,Heavy Crack
00540,3.3105890714493698,Heavy Crack,4.418144406874904,Heavy Crack,4.494441010848846,Heavy Crack
00541,3.3105890714493698,Heavy Crack,4.404543109109048,Heavy Crack,4.118252056394801,Heavy Crack
00542,4.219004621945798,Heavy Crack,4.604345773288535,Heavy Crack,4.242640687119286,Heavy Crack
00543,4.242640687119286,Heavy Crack,5.727128425310542,Heavy Crack,4.8373546489791295,Heavy Crack
00544,3.6055512754639896,Heavy Crack,6.449806198638839,Heavy Crack,4.404543109109048,Heavy Crack
00545,3.6055512754639896,Heavy Crack,3.939543120718442,Heavy Crack,3.8052595180880893,Heavy Crack
00546,2.280350850198276,Heavy Crack,2.6907248094147422,Heavy Crack,2.8284271247461903,Heavy Crack
00547,2.23606797749979,Heavy Crack,2.720294101747089,Heavy Crack,2.4413111231467406,Heavy Crack
00548,2.9120439557122073,Heavy Crack,3.104834939252005,Heavy Crack,3.88329756778952,Heavy Crack
00549,2.4413111231467406,Heavy Crack,3.0528675044947495,Heavy Crack,3.111269837220809,Heavy Crack
00550,3.0,Heavy Crack,3.3526109228480423,Heavy Crack,3.492849839314596,Heavy Crack
00551,3.006659275674582,Heavy Crack,3.4525353003264136,Heavy Crack,4.161730409336963,Heavy Crack
00552,3.111269837220809,Heavy Crack,3.492849839314596,Heavy Crack,3.8000000000000003,Heavy Crack
00553,1.2000000000000002,Medium Crack,1.1313708498984762,Medium Crack,1.264911064067352,Medium Crack
00554,3.0,Heavy Crack,3.4525353003264136,Heavy Crack,3.5383612025908264,Heavy Crack
00555,3.006659275674582,Heavy Crack,3.6,Heavy Crack,3.5383612025908264,Heavy Crack
00556,1.0,Light Crack,0.632455532033676,Light Crack,1.4142135623730951,Medium Crack
00557,3.006659275674582,Heavy Crack,3.2557641192199416,Heavy Crack,3.720215047547655,Heavy Crack
00558,2.4000000000000004,Heavy Crack,2.8844410203711917,Heavy Crack,3.577708763999664,Heavy Crack
00559,1.341640786499874,Medium Crack,1.4000000000000001,Medium Crack,1.8439088914585775,Medium Crack
00560,2.8000000000000003,Heavy Crack,2.8425340807103794,Heavy Crack,3.3526109228480423,Heavy Crack
00561,2.8000000000000003,Heavy Crack,2.8284271247461903,Heavy Crack,3.4000000000000004,Heavy Crack
00562,2.778488797889961,Heavy Crack,2.720294101747089,Heavy Crack,3.7735924528226414,Heavy Crack
00563,2.8000000000000003,Heavy Crack,3.0,Heavy Crack,3.2557641192199416,Heavy Crack
00564,2.4083189157584592,Heavy Crack,2.973213749463701,Heavy Crack,3.006659275674582,Heavy Crack
00565,2.4166091947189146,Heavy Crack,3.8000000000000003,Heavy Crack,4.9396356140913875,Heavy Crack
00566,4.123105625617661,Heavy Crack,4.604345773288535,Heavy Crack,4.049691346263318,Heavy Crack
00567,4.604345773288535,Heavy Crack,5.758472019555188,Heavy Crack,5.688585061331157,Heavy Crack
00568,4.6173585522460785,Heavy Crack,5.6035702904487605,Heavy Crack,6.826419266350405,Heavy Crack
00569,3.2557641192199416,Heavy Crack,3.649657518178932,Heavy Crack,3.9293765408777,Heavy Crack
00570,2.683281572999748,Heavy Crack,3.130495168499706,Heavy Crack,3.577708763999664,Heavy Crack
00571,2.9120439557122073,Heavy Crack,3.2984845004941286,Heavy Crack,3.8000000000000003,Heavy Crack
00572,2.9120439557122073,Heavy Crack,3.2062439083762797,Heavy Crack,3.687817782917155,Heavy Crack
00573,2.4166091947189146,Heavy Crack,2.8284271247461903,Heavy Crack,3.0528675044947495,Heavy Crack
00574,3.2557641192199416,Heavy Crack,3.560898762952972,Heavy Crack,4.004996878900157,Heavy Crack
00575,3.2249030993194197,Heavy Crack,3.6055512754639896,Heavy Crack,3.4985711369071804,Heavy Crack
00576,3.4000000000000004,Heavy Crack,3.0,Heavy Crack,4.8166378315169185,Heavy Crack
00577,2.4083189157584592,Heavy Crack,3.0,Heavy Crack,3.0463092423455636,Heavy Crack
00578,2.4083189157584592,Heavy Crack,2.8000000000000003,Heavy Crack,3.440930106817051,Heavy Crack
00579,2.209072203437452,Heavy Crack,3.2062439083762797,Heavy Crack,4.39089968002003,Heavy Crack
00580,3.2,Heavy Crack,3.4176014981270124,Heavy Crack,3.4000000000000004,Heavy Crack
00581,2.778488797889961,Heavy Crack,3.006659275674582,Heavy Crack,3.2249030993194197,Heavy Crack
00582,4.1036569057366385,Heavy Crack,4.294182110716778,Heavy Crack,4.8083261120685235,Heavy Crack
00583,3.423448553724738,Heavy Crack,3.7576588456111875,Heavy Crack,3.7947331922020555,Heavy Crack
00584,3.4176014981270124,Heavy Crack,4.280186911806539,Heavy Crack,3.577708763999664,Heavy Crack
00585,3.104834939252005,Heavy Crack,3.0528675044947495,Heavy Crack,4.2,Heavy Crack
00586,3.82099463490856,Heavy Crack,4.004996878900157,Heavy Crack,4.4,Heavy Crack
00587,2.785677655436824,Heavy Crack,2.529822128134704,Heavy Crack,3.4000000000000004,Heavy Crack
00588,5.325410782277739,Heavy Crack,5.261178575186363,Heavy Crack,6.20322496770833,Heavy Crack
00589,3.54400902933387,Heavy Crack,5.830951894845301,Heavy Crack,5.813776741499454,Heavy Crack
00590,4.294182110716778,Heavy Crack,4.882622246293481,Heavy Crack,5.63205113613149,Heavy Crack
00591,3.54400902933387,Heavy Crack,5.90592922409336,Heavy Crack,5.727128425310542,Heavy Crack
00592,2.785677655436824,Heavy Crack,3.492849839314596,Heavy Crack,3.3286633954186478,Heavy Crack
00593,3.3105890714493698,Heavy Crack,3.492849839314596,Heavy Crack,3.6055512754639896,Heavy Crack
00594,2.529822128134704,Heavy Crack,3.0,Heavy Crack,3.4000000000000004,Heavy Crack
00595,3.1622776601683795,Heavy Crack,3.3526109228480423,Heavy Crack,3.5383612025908264,Heavy Crack
00596,2.863564212655271,Heavy Crack,3.1622776601683795,Heavy Crack,3.2249030993194197,Heavy Crack
00597,3.2062439083762797,Heavy Crack,3.6,Heavy Crack,3.622154055254967,Heavy Crack
00598,3.2,Heavy Crack,3.492849839314596,Heavy Crack,3.6055512754639896,Heavy Crack
00599,2.8844410203711917,Heavy Crack,3.130495168499706,Heavy Crack,3.2249030993194197,Heavy Crack
00600,3.111269837220809,Heavy Crack,4.8373546489791295,Heavy Crack,3.405877273185281,Heavy Crack
00601,4.39089968002003,Heavy Crack,6.118823416311343,Heavy Crack,5.758472019555188,Heavy Crack
00602,2.8000000000000003,Heavy Crack,2.6,Heavy Crack,3.5383612025908264,Heavy Crack
00603,4.404543109109048,Heavy Crack,5.188448708429139,Heavy Crack,5.099019513592785,Heavy Crack
00604,2.8000000000000003,Heavy Crack,3.577708763999664,Heavy Crack,3.3105890714493698,Heavy Crack
00605,2.4083189157584592,Heavy Crack,3.405877273185281,Heavy Crack,2.785677655436824,Heavy Crack
00606,2.2,Heavy Crack,3.2,Heavy Crack,2.4738633753705965,Heavy Crack
00607,2.2,Heavy Crack,2.785677655436824,Heavy Crack,2.529822128134704,Heavy Crack
00608,1.1313708498984762,Medium Crack,1.216552506059644,Medium Crack,2.08806130178211,Heavy Crack
00609,2.2,Heavy Crack,2.8000000000000003,Heavy Crack,2.4000000000000004,Heavy Crack
00610,1.6492422502470643,Medium Crack,1.969771560359221,Medium Crack,2.039607805437114,Heavy Crack
00611,1.8973665961010278,Medium Crack,2.3409399821439254,Heavy Crack,2.1540659228538015,Heavy Crack
00612,2.0591260281974004,Heavy Crack,2.785677655436824,Heavy Crack,2.6,Heavy Crack
00613,1.8,Medium Crack,2.720294101747089,Heavy Crack,2.8844410203711917,Heavy Crack
00614,3.394112549695428,Heavy Crack,3.6055512754639896,Heavy Crack,2.4413111231467406,Heavy Crack
00615,1.341640786499874,Medium Crack,1.697056274847714,Medium Crack,1.5620499351813308,Medium Crack
00616,4.47213595499958,Heavy Crack,5.015974481593782,Heavy Crack,4.919349550499538,Heavy Crack
00617,3.1622776601683795,Heavy Crack,3.2249030993194197,Heavy Crack,3.2984845004941286,Heavy Crack
00618,4.118252056394801,Heavy Crack,4.39089968002003,Heavy Crack,4.669047011971501,Heavy Crack
00619,4.118252056394801,Heavy Crack,4.47213595499958,Heavy Crack,4.604345773288535,Heavy Crack
00620,4.9396356140913875,Heavy Crack,5.295280917949491,Heavy Crack,5.43323108288245,Heavy Crack
00621,4.9396356140913875,Heavy Crack,5.31413210223457,Heavy Crack,5.578530272392541,Heavy Crack
00622,3.130495168499706,Heavy Crack,3.2557641192199416,Heavy Crack,4.019950248448356,Heavy Crack
00623,4.565084884205331,Heavy Crack,5.0,Heavy Crack,5.403702434442518,Heavy Crack
00624,3.0,Heavy Crack,2.8284271247461903,Heavy Crack,3.6055512754639896,Heavy Crack
00625,3.0,Heavy Crack,3.0265491900843116,Heavy Crack,3.1622776601683795,Heavy Crack
00626,2.6,Heavy Crack,2.4000000000000004,Heavy Crack,3.2249030993194197,Heavy Crack
00627,2.529822128134704,Heavy Crack,3.104834939252005,Heavy Crack,2.9120439557122073,Heavy Crack
00628,2.6,Heavy Crack,3.130495168499706,Heavy Crack,3.6055512754639896,Heavy Crack
00629,3.2802438933713454,Heavy Crack,3.4176014981270124,Heavy Crack,3.88329756778952,Heavy Crack
00630,3.2557641192199416,Heavy Crack,3.405877273185281,Heavy Crack,3.6055512754639896,Heavy Crack
00631,2.529822128134704,Heavy Crack,3.4000000000000004,Heavy Crack,2.3409399821439254,Heavy Crack
00632,2.9120439557122073,Heavy Crack,7.102112361825881,Heavy Crack,2.3409399821439254,Heavy Crack
00633,3.577708763999664,Heavy Crack,8.221921916437786,Heavy Crack,2.3409399821439254,Heavy Crack
00634,1.4560219778561037,Medium Crack,2.2,Heavy Crack,1.6492422502470643,Medium Crack
00635,2.6305892875931813,Heavy Crack,3.0594117081556713,Heavy Crack,2.2,Heavy Crack
00636,2.6,Heavy Crack,3.2984845004941286,Heavy Crack,1.8110770276274835,Medium Crack
00637,2.009975124224178,Heavy Crack,6.016643582596529,Heavy Crack,1.8,Medium Crack
00638,2.12602916254693,Heavy Crack,3.0463092423455636,Heavy Crack,2.280350850198276,Heavy Crack
00639,1.8867962264113207,Medium Crack,2.5612496949731396,Heavy Crack,1.969771560359221,Medium Crack
00640,3.440930106817051,Heavy Crack,13.213629327327144,Heavy Crack,2.4166091947189146,Heavy Crack
00641,3.4525353003264136,Heavy Crack,4.4,Heavy Crack,3.0,Heavy Crack
00642,3.0265491900843116,Heavy Crack,5.692099788303083,Heavy Crack,2.433105012119288,Heavy Crack
00643,1.6124515496597098,Medium Crack,2.3409399821439254,Heavy Crack,1.969771560359221,Medium Crack
00644,2.009975124224178,Heavy Crack,2.8000000000000003,Heavy Crack,1.8439088914585775,Medium Crack
00645,1.5231546211727818,Medium Crack,1.969771560359221,Medium Crack,1.788854381999832,Medium Crack
00646,3.720215047547655,Heavy Crack,9.079647570252934,Heavy Crack,1.8110770276274835,Medium Crack
00647,1.788854381999832,Medium Crack,2.529822128134704,Heavy Crack,1.5231546211727818,Medium Crack
00648,1.7088007490635062,Medium Crack,2.95296461204668,Heavy Crack,1.969771560359221,Medium Crack
00649,3.492849839314596,Heavy Crack,4.317406628984581,Heavy Crack,3.2062439083762797,Heavy Crack
00650,1.7088007490635062,Medium Crack,2.2,Heavy Crack,2.8000000000000003,Heavy Crack
00651,2.6305892875931813,Heavy Crack,3.88329756778952,Heavy Crack,2.2,Heavy Crack
00652,1.8,Medium Crack,4.664761515876241,Heavy Crack,1.6124515496597098,Medium Crack
00653,2.973213749463701,Heavy Crack,8.0049984384758,Heavy Crack,2.785677655436824,Heavy Crack
00654,2.8844410203711917,Heavy Crack,7.4,Heavy Crack,2.4000000000000004,Heavy Crack
00655,3.2,Heavy Crack,3.4000000000000004,Heavy Crack,3.6055512754639896,Heavy Crack
00656,3.8470768123342687,Heavy Crack,3.8470768123342687,Heavy Crack,4.049691346263318,Heavy Crack
00657,3.9446165846632044,Heavy Crack,3.8470768123342687,Heavy Crack,4.049691346263318,Heavy Crack
00658,3.0,Heavy Crack,3.7947331922020555,Heavy Crack,3.6055512754639896,Heavy Crack
00659,2.973213749463701,Heavy Crack,3.1622776601683795,Heavy Crack,3.0594117081556713,Heavy Crack
00660,3.111269837220809,Heavy Crack,3.2249030993194197,Heavy Crack,3.440930106817051,Heavy Crack
00661,1.969771560359221,Medium Crack,2.95296461204668,Heavy Crack,2.8000000000000003,Heavy Crack
00662,2.863564212655271,Heavy Crack,3.1622776601683795,Heavy Crack,3.3286633954186478,Heavy Crack
00663,2.863564212655271,Heavy Crack,3.1240998703626617,Heavy Crack,3.4985711369071804,Heavy Crack
00664,2.8844410203711917,Heavy Crack,3.54400902933387,Heavy Crack,3.622154055254967,Heavy Crack
00665,3.2,Heavy Crack,3.492849839314596,Heavy Crack,3.6055512754639896,Heavy Crack
00666,3.2,Heavy Crack,3.405877273185281,Heavy Crack,3.622154055254967,Heavy Crack
00667,2.668332812825267,Heavy Crack,3.104834939252005,Heavy Crack,3.104834939252005,Heavy Crack
00668,2.8000000000000003,Heavy Crack,3.006659275674582,Heavy Crack,3.2557641192199416,Heavy Crack
00669,2.8000000000000003,Heavy Crack,3.2,Heavy Crack,3.2310988842807022,Heavy Crack
00670,2.778488797889961,Heavy Crack,3.104834939252005,Heavy Crack,3.111269837220809,Heavy Crack
00671,3.2984845004941286,Heavy Crack,3.2,Heavy Crack,4.494441010848846,Heavy Crack
00672,3.8626415831655936,Heavy Crack,4.294182110716778,Heavy Crack,4.427188724235731,Heavy Crack
00673,4.494441010848846,Heavy Crack,5.261178575186363,Heavy Crack,5.462600113499065,Heavy Crack
00674,3.0463092423455636,Heavy Crack,3.4000000000000004,Heavy Crack,3.440930106817051,Heavy Crack
00675,2.863564212655271,Heavy Crack,3.4000000000000004,Heavy Crack,3.6055512754639896,Heavy Crack
00676,2.505992817228334,Heavy Crack,3.0,Heavy Crack,2.778488797889961,Heavy Crack
00677,2.95296461204668,Heavy Crack,3.3526109228480423,Heavy Crack,3.2557641192199416,Heavy Crack
00678,2.8000000000000003,Heavy Crack,3.2310988842807022,Heavy Crack,3.4525353003264136,Heavy Crack
00679,2.6,Heavy Crack,2.9120439557122073,Heavy Crack,2.95296461204668,Heavy Crack
00680,0.7211102550927979,Light Crack,0.848528137423857,Light Crack,1.6,Medium Crack
00681,3.2,Heavy Crack,3.984971769034255,Heavy Crack,3.0528675044947495,Heavy Crack
00682,3.4000000000000004,Heavy Crack,2.8000000000000003,Heavy Crack,3.8000000000000003,Heavy Crack
00683,3.405877273185281,Heavy Crack,2.9120439557122073,Heavy Crack,3.423448553724738,Heavy Crack
00684,3.1622776601683795,Heavy Crack,3.0,Heavy Crack,3.2310988842807022,Heavy Crack
00685,3.2,Heavy Crack,3.3526109228480423,Heavy Crack,3.577708763999664,Heavy Crack
00686,4.204759208325728,Heavy Crack,3.8000000000000003,Heavy Crack,4.866210024238576,Heavy Crack
00687,3.2,Heavy Crack,3.3526109228480423,Heavy Crack,3.649657518178932,Heavy Crack
00688,3.2310988842807022,Heavy Crack,3.6055512754639896,Heavy Crack,3.5383612025908264,Heavy Crack
00689,3.2,Heavy Crack,3.7947331922020555,Heavy Crack,3.88329756778952,Heavy Crack
00690,2.863564212655271,Heavy Crack,2.683281572999748,Heavy Crack,3.2557641192199416,Heavy Crack
00691,3.0463092423455636,Heavy Crack,3.7947331922020555,Heavy Crack,3.6055512754639896,Heavy Crack
00692,3.0,Heavy Crack,3.82099463490856,Heavy Crack,3.2062439083762797,Heavy Crack
00693,3.2,Heavy Crack,4.019950248448356,Heavy Crack,3.6715119501371642,Heavy Crack
00694,3.394112549695428,Heavy Crack,4.386342439892262,Heavy Crack,4.049691346263318,Heavy Crack
00695,3.394112549695428,Heavy Crack,4.427188724235731,Heavy Crack,3.6715119501371642,Heavy Crack
00696,3.104834939252005,Heavy Crack,3.82099463490856,Heavy Crack,3.0463092423455636,Heavy Crack
00697,4.800000000000001,Heavy Crack,6.826419266350405,Heavy Crack,4.919349550499538,Heavy Crack
00698,4.681879964287851,Heavy Crack,5.2345009313209605,Heavy Crack,4.741307836451879,Heavy Crack
00699,2.973213749463701,Heavy Crack,4.004996878900157,Heavy Crack,3.1622776601683795,Heavy Crack
00700,2.8844410203711917,Heavy Crack,3.649657518178932,Heavy Crack,3.006659275674582,Heavy Crack
00701,2.529822128134704,Heavy Crack,4.044749683231337,Heavy Crack,3.0,Heavy Crack
00702,2.529822128134704,Heavy Crack,4.049691346263318,Heavy Crack,3.006659275674582,Heavy Crack
00703,2.4083189157584592,Heavy Crack,3.939543120718442,Heavy Crack,3.6,Heavy Crack
00704,2.8425340807103794,Heavy Crack,2.720294101747089,Heavy Crack,3.4000000000000004,Heavy Crack
00705,1.8439088914585775,Medium Crack,2.4000000000000004,Heavy Crack,1.8439088914585775,Medium Crack
00706,2.23606797749979,Heavy Crack,3.0265491900843116,Heavy Crack,2.1633307652783937,Heavy Crack
00707,2.209072203437452,Heavy Crack,3.0,Heavy Crack,2.08806130178211,Heavy Crack
00708,6.511528238439883,Heavy Crack,7.147027354082255,Heavy Crack,6.105735008989499,Heavy Crack
00709,6.511528238439883,Heavy Crack,7.1693793315739685,Heavy Crack,5.61426753904728,Heavy Crack
00710,6.529931086925804,Heavy Crack,7.42159012611179,Heavy Crack,5.813776741499454,Heavy Crack
00711,2.863564212655271,Heavy Crack,3.736308338453881,Heavy Crack,3.405877273185281,Heavy Crack
00712,2.8844410203711917,Heavy Crack,3.4000000000000004,Heavy Crack,2.95296461204668,Heavy Crack
00713,2.863564212655271,Heavy Crack,3.2984845004941286,Heavy Crack,3.0594117081556713,Heavy Crack
00714,2.4166091947189146,Heavy Crack,2.4000000000000004,Heavy Crack,2.9120439557122073,Heavy Crack
00715,3.006659275674582,Heavy Crack,3.6,Heavy Crack,3.2249030993194197,Heavy Crack
00716,8.246211251235321,Heavy Crack,9.482615672903759,Heavy Crack,3.6055512754639896,Heavy Crack
00717,1.6124515496597098,Medium Crack,1.341640786499874,Medium Crack,2.0,Medium Crack
00718,0.8,Light Crack,0.0,Light Crack,1.9798989873223332,Medium Crack
00719,2.4000000000000004,Heavy Crack,2.4083189157584592,Heavy Crack,3.111269837220809,Heavy Crack
00720,2.6305892875931813,Heavy Crack,2.8000000000000003,Heavy Crack,3.2249030993194197,Heavy Crack
00721,0.5656854249492381,Light Crack,0.0,Light Crack,1.5231546211727818,Medium Crack
00722,2.6305892875931813,Heavy Crack,3.0594117081556713,Heavy Crack,3.2557641192199416,Heavy Crack
00723,0.5656854249492381,Light Crack,0.0,Light Crack,1.6,Medium Crack
00724,2.8000000000000003,Heavy Crack,3.0265491900843116,Heavy Crack,3.2062439083762797,Heavy Crack
00725,0.632455532033676,Light Crack,0.0,Light Crack,1.2806248474865698,Medium Crack
00726,0.6000000000000001,Light Crack,0.0,Light Crack,1.4142135623730951,Medium Crack
00727,1.2000000000000002,Medium Crack,0.894427190999916,Light Crack,1.4560219778561037,Medium Crack
00728,1.2000000000000002,Medium Crack,1.0,Light Crack,1.4142135623730951,Medium Crack
00729,0.8246211251235321,Light Crack,0.0,Light Crack,2.0,Medium Crack
00730,0.8246211251235321,Light Crack,0.8,Light Crack,1.7204650534085255,Medium Crack
00731,0.8,Light Crack,0.8,Light Crack,1.4142135623730951,Medium Crack
00732,0.8246211251235321,Light Crack,1.0,Light Crack,1.2000000000000002,Medium Crack
00733,0.894427190999916,Light Crack,1.0,Light Crack,1.5231546211727818,Medium Crack
00734,1.264911064067352,Medium Crack,1.5231546211727818,Medium Crack,1.4142135623730951,Medium Crack
00735,1.0,Light Crack,1.2000000000000002,Medium Crack,1.8973665961010278,Medium Crack
00736,0.894427190999916,Light Crack,0.8,Light Crack,1.4000000000000001,Medium Crack
00737,0.894427190999916,Light Crack,0.8,Light Crack,1.5231546211727818,Medium Crack
00738,1.5620499351813308,Medium Crack,1.4422205101855958,Medium Crack,1.5620499351813308,Medium Crack
00739,1.5620499351813308,Medium Crack,1.4422205101855958,Medium Crack,1.6,Medium Crack
00740,1.019803902718557,Medium Crack,1.216552506059644,Medium Crack,1.5620499351813308,Medium Crack
00741,1.216552506059644,Medium Crack,1.216552506059644,Medium Crack,1.4000000000000001,Medium Crack
00742,1.216552506059644,Medium Crack,1.264911064067352,Medium Crack,1.4142135623730951,Medium Crack
00743,0.632455532033676,Light Crack,0.2,Light Crack,1.264911064067352,Medium Crack
00744,0.7211102550927979,Light Crack,0.0,Light Crack,1.341640786499874,Medium Crack
00745,0.848528137423857,Light Crack,0.632455532033676,Light Crack,1.2806248474865698,Medium Crack
00746,0.894427190999916,Light Crack,1.0,Light Crack,1.4000000000000001,Medium Crack
00747,0.8246211251235321,Light Crack,0.894427190999916,Light Crack,1.341640786499874,Medium Crack
00748,0.7211102550927979,Light Crack,0.0,Light Crack,1.5231546211727818,Medium Crack
00749,0.894427190999916,Light Crack,0.6000000000000001,Light Crack,1.4000000000000001,Medium Crack
00750,1.1661903789690602,Medium Crack,0.7211102550927979,Light Crack,1.7088007490635062,Medium Crack
00751,1.1661903789690602,Medium Crack,0.7211102550927979,Light Crack,1.6124515496597098,Medium Crack
00752,0.894427190999916,Light Crack,0.28284271247461906,Light Crack,1.341640786499874,Medium Crack
00753,1.341640786499874,Medium Crack,1.0,Light Crack,1.969771560359221,Medium Crack
00754,1.4000000000000001,Medium Crack,0.8246211251235321,Light Crack,1.6124515496597098,Medium Crack
00755,1.9798989873223332,Medium Crack,2.1540659228538015,Heavy Crack,1.9798989873223332,Medium Crack
00756,1.8973665961010278,Medium Crack,2.23606797749979,Heavy Crack,2.209072203437452,Heavy Crack
00757,1.8439088914585775,Medium Crack,2.4166091947189146,Heavy Crack,2.23606797749979,Heavy Crack
00758,2.280350850198276,Heavy Crack,2.863564212655271,Heavy Crack,2.720294101747089,Heavy Crack
00759,2.0,Medium Crack,2.1540659228538015,Heavy Crack,2.4083189157584592,Heavy Crack
00760,2.039607805437114,Heavy Crack,2.4083189157584592,Heavy Crack,2.1540659228538015,Heavy Crack
00761,1.9798989873223332,Medium Crack,2.1540659228538015,Heavy Crack,2.1633307652783937,Heavy Crack
00762,1.8439088914585775,Medium Crack,2.4166091947189146,Heavy Crack,2.23606797749979,Heavy Crack
00763,2.6,Heavy Crack,2.8000000000000003,Heavy Crack,2.95296461204668,Heavy Crack
00764,2.280350850198276,Heavy Crack,2.4000000000000004,Heavy Crack,2.60768096208106,Heavy Crack
00765,2.3323807579381204,Heavy Crack,2.863564212655271,Heavy Crack,2.209072203437452,Heavy Crack
00766,2.23606797749979,Heavy Crack,2.4738633753705965,Heavy Crack,2.863564212655271,Heavy Crack
00767,2.529822128134704,Heavy Crack,2.8000000000000003,Heavy Crack,3.0,Heavy Crack
00768,2.4083189157584592,Heavy Crack,2.6,Heavy Crack,2.4166091947189146,Heavy Crack
00769,2.2,Heavy Crack,2.4083189157584592,Heavy Crack,2.720294101747089,Heavy Crack
00770,2.3323807579381204,Heavy Crack,2.4083189157584592,Heavy Crack,2.4166091947189146,Heavy Crack
00771,2.4413111231467406,Heavy Crack,2.505992817228334,Heavy Crack,2.720294101747089,Heavy Crack
00772,2.3323807579381204,Heavy Crack,2.5612496949731396,Heavy Crack,3.0,Heavy Crack
00773,2.209072203437452,Heavy Crack,2.529822128134704,Heavy Crack,2.95296461204668,Heavy Crack
00774,2.3409399821439254,Heavy Crack,2.6907248094147422,Heavy Crack,2.683281572999748,Heavy Crack
00775,2.505992817228334,Heavy Crack,2.529822128134704,Heavy Crack,3.2557641192199416,Heavy Crack
00776,2.0,Medium Crack,2.0,Medium Crack,2.4083189157584592,Heavy Crack
00777,2.280350850198276,Heavy Crack,2.529822128134704,Heavy Crack,2.973213749463701,Heavy Crack
00778,1.264911064067352,Medium Crack,1.264911064067352,Medium Crack,1.6124515496597098,Medium Crack
00779,1.264911064067352,Medium Crack,1.264911064067352,Medium Crack,1.4560219778561037,Medium Crack
00780,1.4422205101855958,Medium Crack,1.6,Medium Crack,1.6,Medium Crack
00781,2.3323807579381204,Heavy Crack,2.4413111231467406,Heavy Crack,2.4413111231467406,Heavy Crack
00782,2.6,Heavy Crack,3.104834939252005,Heavy Crack,3.1622776601683795,Heavy Crack
00783,3.577708763999664,Heavy Crack,3.54400902933387,Heavy Crack,3.6,Heavy Crack
00784,3.492849839314596,Heavy Crack,3.6,Heavy Crack,3.622154055254967,Heavy Crack
00785,2.4083189157584592,Heavy Crack,2.6907248094147422,Heavy Crack,3.0,Heavy Crack
00786,2.23606797749979,Heavy Crack,2.785677655436824,Heavy Crack,2.4000000000000004,Heavy Crack
00787,2.433105012119288,Heavy Crack,2.8844410203711917,Heavy Crack,2.8284271247461903,Heavy Crack
00788,3.2984845004941286,Heavy Crack,3.54400902933387,Heavy Crack,3.4176014981270124,Heavy Crack
00789,2.8425340807103794,Heavy Crack,2.973213749463701,Heavy Crack,2.973213749463701,Heavy Crack
00790,1.0770329614269007,Medium Crack,1.5231546211727818,Medium Crack,1.2806248474865698,Medium Crack
00791,2.8284271247461903,Heavy Crack,2.95296461204668,Heavy Crack,2.95296461204668,Heavy Crack
00792,1.6124515496597098,Medium Crack,3.104834939252005,Heavy Crack,1.8867962264113207,Medium Crack
00793,1.6124515496597098,Medium Crack,3.2249030993194197,Heavy Crack,2.0,Medium Crack
00794,1.6124515496597098,Medium Crack,2.0591260281974004,Heavy Crack,1.8439088914585775,Medium Crack
00795,3.8000000000000003,Heavy Crack,4.17612260356422,Heavy Crack,4.079215610874228,Heavy Crack
00796,3.2062439083762797,Heavy Crack,3.676955262170047,Heavy Crack,3.2802438933713454,Heavy Crack
00797,1.8973665961010278,Medium Crack,2.4000000000000004,Heavy Crack,2.280350850198276,Heavy Crack
00798,2.3323807579381204,Heavy Crack,2.4738633753705965,Heavy Crack,2.6,Heavy Crack
00799,3.7576588456111875,Heavy Crack,4.17612260356422,Heavy Crack,3.984971769034255,Heavy Crack
00800,2.2627416997969525,Heavy Crack,2.720294101747089,Heavy Crack,2.3323807579381204,Heavy Crack
00801,2.6,Heavy Crack,2.8284271247461903,Heavy Crack,2.863564212655271,Heavy Crack
00802,1.8110770276274835,Medium Crack,2.4000000000000004,Heavy Crack,2.0,Medium Crack
00803,3.0,Heavy Crack,2.95296461204668,Heavy Crack,3.2557641192199416,Heavy Crack
00804,3.0,Heavy Crack,2.95296461204668,Heavy Crack,3.006659275674582,Heavy Crack
00805,3.0,Heavy Crack,3.111269837220809,Heavy Crack,3.2802438933713454,Heavy Crack
00806,2.280350850198276,Heavy Crack,2.6,Heavy Crack,2.4413111231467406,Heavy Crack
00807,2.6,Heavy Crack,2.8000000000000003,Heavy Crack,2.8284271247461903,Heavy Crack
00808,2.60768096208106,Heavy Crack,2.863564212655271,Heavy Crack,2.9120439557122073,Heavy Crack
00809,3.2984845004941286,Heavy Crack,3.4176014981270124,Heavy Crack,2.6,Heavy Crack
00810,2.23606797749979,Heavy Crack,2.2,Heavy Crack,2.4083189157584592,Heavy Crack
00811,2.863564212655271,Heavy Crack,2.9120439557122073,Heavy Crack,3.0,Heavy Crack
00812,2.0,Medium Crack,2.009975124224178,Heavy Crack,2.4000000000000004,Heavy Crack
00813,2.5455844122715714,Heavy Crack,3.0265491900843116,Heavy Crack,2.778488797889961,Heavy Crack
00814,2.80713376952364,Heavy Crack,2.9120439557122073,Heavy Crack,3.0463092423455636,Heavy Crack
00815,2.6,Heavy Crack,2.8284271247461903,Heavy Crack,2.683281572999748,Heavy Crack
00816,2.0,Medium Crack,2.2,Heavy Crack,2.280350850198276,Heavy Crack
00817,2.5455844122715714,Heavy Crack,3.0,Heavy Crack,2.4738633753705965,Heavy Crack
00818,2.6,Heavy Crack,3.0594117081556713,Heavy Crack,2.4083189157584592,Heavy Crack
00819,2.009975124224178,Heavy Crack,2.2,Heavy Crack,2.720294101747089,Heavy Crack
00820,2.23606797749979,Heavy Crack,2.1540659228538015,Heavy Crack,2.6,Heavy Crack
00821,2.1540659228538015,Heavy Crack,2.4166091947189146,Heavy Crack,2.0,Medium Crack
00822,2.863564212655271,Heavy Crack,2.8284271247461903,Heavy Crack,2.9120439557122073,Heavy Crack
00823,1.5231546211727818,Medium Crack,2.0,Medium Crack,1.7088007490635062,Medium Crack
00824,2.785677655436824,Heavy Crack,2.9120439557122073,Heavy Crack,3.2984845004941286,Heavy Crack
00825,2.0591260281974004,Heavy Crack,2.6305892875931813,Heavy Crack,2.683281572999748,Heavy Crack
00826,2.8000000000000003,Heavy Crack,2.973213749463701,Heavy Crack,3.0528675044947495,Heavy Crack
00827,2.785677655436824,Heavy Crack,3.130495168499706,Heavy Crack,3.111269837220809,Heavy Crack
00828,2.0591260281974004,Heavy Crack,2.6305892875931813,Heavy Crack,2.6305892875931813,Heavy Crack
00829,2.60768096208106,Heavy Crack,2.9120439557122073,Heavy Crack,2.4738633753705965,Heavy Crack
00830,1.8110770276274835,Medium Crack,2.4083189157584592,Heavy Crack,2.08806130178211,Heavy Crack
00831,1.8,Medium Crack,1.8439088914585775,Medium Crack,2.039607805437114,Heavy Crack
00832,1.5620499351813308,Medium Crack,1.6124515496597098,Medium Crack,2.12602916254693,Heavy Crack
00833,1.788854381999832,Medium Crack,1.8439088914585775,Medium Crack,2.0,Medium Crack
00834,2.433105012119288,Heavy Crack,2.6305892875931813,Heavy Crack,2.6305892875931813,Heavy Crack
00835,1.969771560359221,Medium Crack,2.2,Heavy Crack,2.12602916254693,Heavy Crack
00836,1.8439088914585775,Medium Crack,2.209072203437452,Heavy Crack,2.12602916254693,Heavy Crack
00837,2.433105012119288,Heavy Crack,2.8000000000000003,Heavy Crack,2.785677655436824,Heavy Crack
00838,2.785677655436824,Heavy Crack,3.0,Heavy Crack,2.6,Heavy Crack
00839,2.6,Heavy Crack,3.006659275674582,Heavy Crack,3.1622776601683795,Heavy Crack
00840,1.8439088914585775,Medium Crack,2.3409399821439254,Heavy Crack,1.8973665961010278,Medium Crack
00841,2.3409399821439254,Heavy Crack,2.4000000000000004,Heavy Crack,2.6,Heavy Crack
00842,2.6,Heavy Crack,2.683281572999748,Heavy Crack,2.95296461204668,Heavy Crack
00843,2.280350850198276,Heavy Crack,2.80713376952364,Heavy Crack,2.863564212655271,Heavy Crack
00844,1.8439088914585775,Medium Crack,2.3409399821439254,Heavy Crack,2.2,Heavy Crack
00845,2.785677655436824,Heavy Crack,3.006659275674582,Heavy Crack,3.0,Heavy Crack
00846,1.8973665961010278,Medium Crack,2.3323807579381204,Heavy Crack,2.6,Heavy Crack
00847,2.8284271247461903,Heavy Crack,3.3286633954186478,Heavy Crack,3.1622776601683795,Heavy Crack
00848,1.7204650534085255,Medium Crack,2.2627416997969525,Heavy Crack,1.7204650534085255,Medium Crack
00849,3.4000000000000004,Heavy Crack,3.720215047547655,Heavy Crack,3.8418745424597094,Heavy Crack
00850,2.863564212655271,Heavy Crack,3.2249030993194197,Heavy Crack,3.1240998703626617,Heavy Crack
00851,3.3105890714493698,Heavy Crack,3.82099463490856,Heavy Crack,3.6715119501371642,Heavy Crack
00852,2.863564212655271,Heavy Crack,3.2802438933713454,Heavy Crack,3.0,Heavy Crack
00853,1.8867962264113207,Medium Crack,2.23606797749979,Heavy Crack,2.1633307652783937,Heavy Crack
00854,2.4083189157584592,Heavy Crack,3.0463092423455636,Heavy Crack,2.8000000000000003,Heavy Crack
00855,2.039607805437114,Heavy Crack,2.6,Heavy Crack,2.720294101747089,Heavy Crack
00856,3.0,Heavy Crack,3.130495168499706,Heavy Crack,3.6055512754639896,Heavy Crack
00857,2.4000000000000004,Heavy Crack,2.529822128134704,Heavy Crack,2.785677655436824,Heavy Crack
00858,1.788854381999832,Medium Crack,2.1540659228538015,Heavy Crack,2.0,Medium Crack
00859,1.4560219778561037,Medium Crack,2.12602916254693,Heavy Crack,1.8110770276274835,Medium Crack
00860,1.788854381999832,Medium Crack,2.0,Medium Crack,2.23606797749979,Heavy Crack
00861,1.788854381999832,Medium Crack,1.969771560359221,Medium Crack,2.0,Medium Crack
00862,1.788854381999832,Medium Crack,1.969771560359221,Medium Crack,2.009975124224178,Heavy Crack
00863,1.8,Medium Crack,2.4166091947189146,Heavy Crack,2.5612496949731396,Heavy Crack
00864,2.4413111231467406,Heavy Crack,2.95296461204668,Heavy Crack,2.720294101747089,Heavy Crack
00865,2.6305892875931813,Heavy Crack,2.778488797889961,Heavy Crack,2.785677655436824,Heavy Crack
00866,2.4413111231467406,Heavy Crack,2.95296461204668,Heavy Crack,2.668332812825267,Heavy Crack
00867,2.720294101747089,Heavy Crack,2.778488797889961,Heavy Crack,2.8844410203711917,Heavy Crack
00868,2.23606797749979,Heavy Crack,2.505992817228334,Heavy Crack,2.3409399821439254,Heavy Crack
00869,2.720294101747089,Heavy Crack,2.778488797889961,Heavy Crack,3.1622776601683795,Heavy Crack
00870,2.0,Medium Crack,2.5455844122715714,Heavy Crack,2.720294101747089,Heavy Crack
00871,2.2,Heavy Crack,2.5455844122715714,Heavy Crack,2.60768096208106,Heavy Crack
00872,2.4413111231467406,Heavy Crack,2.5455844122715714,Heavy Crack,2.785677655436824,Heavy Crack
00873,2.0,Medium Crack,2.4166091947189146,Heavy Crack,2.778488797889961,Heavy Crack
00874,2.0,Medium Crack,2.6,Heavy Crack,2.778488797889961,Heavy Crack
00875,2.0,Medium Crack,2.280350850198276,Heavy Crack,2.2,Heavy Crack
00876,2.0,Medium Crack,2.1633307652783937,Heavy Crack,2.60768096208106,Heavy Crack
00877,2.0,Medium Crack,2.1540659228538015,Heavy Crack,2.1633307652783937,Heavy Crack
00878,2.0,Medium Crack,2.23606797749979,Heavy Crack,2.3323807579381204,Heavy Crack
00879,1.8,Medium Crack,1.8439088914585775,Medium Crack,2.280350850198276,Heavy Crack
00880,1.4000000000000001,Medium Crack,1.2806248474865698,Medium Crack,1.5620499351813308,Medium Crack
00881,1.1313708498984762,Medium Crack,1.2806248474865698,Medium Crack,1.5231546211727818,Medium Crack
00882,1.2806248474865698,Medium Crack,2.1540659228538015,Heavy Crack,2.973213749463701,Heavy Crack
00883,1.969771560359221,Medium Crack,2.12602916254693,Heavy Crack,2.668332812825267,Heavy Crack
00884,2.1633307652783937,Heavy Crack,2.1540659228538015,Heavy Crack,2.60768096208106,Heavy Crack
00885,2.8000000000000003,Heavy Crack,2.4000000000000004,Heavy Crack,3.2,Heavy Crack
00886,2.778488797889961,Heavy Crack,2.720294101747089,Heavy Crack,3.0,Heavy Crack
00887,3.130495168499706,Heavy Crack,3.0,Heavy Crack,3.2802438933713454,Heavy Crack
00888,2.863564212655271,Heavy Crack,2.973213749463701,Heavy Crack,3.440930106817051,Heavy Crack
00889,23.840302011509838,Heavy Crack,32.102959365142645,Heavy Crack,2.009975124224178,Heavy Crack
00890,1.7204650534085255,Medium Crack,2.1540659228538015,Heavy Crack,1.9798989873223332,Medium Crack
00891,1.6492422502470643,Medium Crack,1.8973665961010278,Medium Crack,1.7088007490635062,Medium Crack
00892,2.1633307652783937,Heavy Crack,2.668332812825267,Heavy Crack,2.433105012119288,Heavy Crack
00893,1.7204650534085255,Medium Crack,1.9798989873223332,Medium Crack,1.969771560359221,Medium Crack
00894,2.1633307652783937,Heavy Crack,2.720294101747089,Heavy Crack,2.4738633753705965,Heavy Crack
00895,2.4083189157584592,Heavy Crack,2.5612496949731396,Heavy Crack,2.529822128134704,Heavy Crack
00896,2.863564212655271,Heavy Crack,3.4000000000000004,Heavy Crack,3.82099463490856,Heavy Crack
00897,2.863564212655271,Heavy Crack,4.123105625617661,Heavy Crack,4.308131845707603,Heavy Crack
00898,2.778488797889961,Heavy Crack,4.123105625617661,Heavy Crack,4.440720662234904,Heavy Crack
00899,1.5620499351813308,Medium Crack,1.6124515496597098,Medium Crack,2.08806130178211,Heavy Crack
00900,17.395401691251628,Heavy Crack,32.102959365142645,Heavy Crack,2.4166091947189146,Heavy Crack
00901,2.0591260281974004,Heavy Crack,2.1540659228538015,Heavy Crack,2.3409399821439254,Heavy Crack
00902,2.1540659228538015,Heavy Crack,2.1540659228538015,Heavy Crack,2.3323807579381204,Heavy Crack
00903,1.969771560359221,Medium Crack,2.0591260281974004,Heavy Crack,2.433105012119288,Heavy Crack
00904,1.969771560359221,Medium Crack,2.039607805437114,Heavy Crack,2.4738633753705965,Heavy Crack
00905,1.969771560359221,Medium Crack,2.3323807579381204,Heavy Crack,2.5455844122715714,Heavy Crack
00906,1.8110770276274835,Medium Crack,2.009975124224178,Heavy Crack,2.280350850198276,Heavy Crack
00907,2.6,Heavy Crack,3.3286633954186478,Heavy Crack,3.2310988842807022,Heavy Crack
00908,12.106196760337246,Heavy Crack,32.102959365142645,Heavy Crack,1.4000000000000001,Medium Crack
00909,2.6,Heavy Crack,3.3286633954186478,Heavy Crack,3.8418745424597094,Heavy Crack
00910,2.2627416997969525,Heavy Crack,2.95296461204668,Heavy Crack,4.0,Heavy Crack
00911,1.969771560359221,Medium Crack,2.4083189157584592,Heavy Crack,2.683281572999748,Heavy Crack
00912,1.969771560359221,Medium Crack,1.6124515496597098,Medium Crack,2.23606797749979,Heavy Crack
00913,1.969771560359221,Medium Crack,1.788854381999832,Medium Crack,2.5455844122715714,Heavy Crack
00914,1.9798989873223332,Medium Crack,1.788854381999832,Medium Crack,2.4083189157584592,Heavy Crack
00915,1.8973665961010278,Medium Crack,1.6124515496597098,Medium Crack,2.778488797889961,Heavy Crack
00916,2.009975124224178,Heavy Crack,2.720294101747089,Heavy Crack,3.8470768123342687,Heavy Crack
00917,17.899720668211557,Heavy Crack,30.558795787792423,Heavy Crack,1.341640786499874,Medium Crack
00918,4.386342439892262,Heavy Crack,12.026637102698327,Heavy Crack,1.7088007490635062,Medium Crack
00919,2.009975124224178,Heavy Crack,4.967896939349689,Heavy Crack,1.8867962264113207,Medium Crack
00920,1.2806248474865698,Medium Crack,1.969771560359221,Medium Crack,1.8867962264113207,Medium Crack
00921,1.6492422502470643,Medium Crack,1.969771560359221,Medium Crack,1.8,Medium Crack
00922,1.8439088914585775,Medium Crack,2.2627416997969525,Heavy Crack,2.720294101747089,Heavy Crack
00923,2.529822128134704,Heavy Crack,2.8000000000000003,Heavy Crack,3.006659275674582,Heavy Crack
00924,2.4738633753705965,Heavy Crack,2.8000000000000003,Heavy Crack,2.8425340807103794,Heavy Crack
00925,2.4413111231467406,Heavy Crack,2.8425340807103794,Heavy Crack,2.505992817228334,Heavy Crack
00926,2.12602916254693,Heavy Crack,2.505992817228334,Heavy Crack,2.4000000000000004,Heavy Crack
00927,2.2,Heavy Crack,3.6,Heavy Crack,3.130495168499706,Heavy Crack
00928,2.433105012119288,Heavy Crack,3.6,Heavy Crack,2.8844410203711917,Heavy Crack
00929,2.4738633753705965,Heavy Crack,3.2249030993194197,Heavy Crack,2.778488797889961,Heavy Crack
00930,2.009975124224178,Heavy Crack,2.280350850198276,Heavy Crack,2.23606797749979,Heavy Crack
00931,2.0,Medium Crack,2.3409399821439254,Heavy Crack,2.3409399821439254,Heavy Crack
00932,2.4083189157584592,Heavy Crack,2.720294101747089,Heavy Crack,3.2249030993194197,Heavy Crack
00933,2.4083189157584592,Heavy Crack,2.9120439557122073,Heavy Crack,2.6,Heavy Crack
00934,4.27551166528639,Heavy Crack,5.261178575186363,Heavy Crack,1.6492422502470643,Medium Crack
00935,4.242640687119286,Heavy Crack,5.249761899362675,Heavy Crack,4.638965401897281,Heavy Crack
00936,1.6,Medium Crack,2.4083189157584592,Heavy Crack,1.8,Medium Crack
00937,2.720294101747089,Heavy Crack,3.2310988842807022,Heavy Crack,2.9120439557122073,Heavy Crack
00938,2.785677655436824,Heavy Crack,3.2557641192199416,Heavy Crack,2.5455844122715714,Heavy Crack
00939,3.2984845004941286,Heavy Crack,4.123105625617661,Heavy Crack,4.004996878900157,Heavy Crack
00940,3.3286633954186478,Heavy Crack,4.2,Heavy Crack,3.8626415831655936,Heavy Crack
00941,2.785677655436824,Heavy Crack,3.492849839314596,Heavy Crack,2.785677655436824,Heavy Crack
00942,2.863564212655271,Heavy Crack,3.405877273185281,Heavy Crack,2.973213749463701,Heavy Crack
00943,4.6173585522460785,Heavy Crack,5.660388679233963,Heavy Crack,5.1613951602255765,Heavy Crack
00944,2.4083189157584592,Heavy Crack,2.529822128134704,Heavy Crack,3.649657518178932,Heavy Crack
00945,3.0463092423455636,Heavy Crack,4.720169488482379,Heavy Crack,3.6055512754639896,Heavy Crack
00946,3.104834939252005,Heavy Crack,4.3266615305567875,Heavy Crack,2.60768096208106,Heavy Crack
00947,2.009975124224178,Heavy Crack,2.2,Heavy Crack,2.280350850198276,Heavy Crack
00948,2.0,Medium Crack,2.2,Heavy Crack,2.4166091947189146,Heavy Crack
00949,1.6,Medium Crack,1.969771560359221,Medium Crack,2.5455844122715714,Heavy Crack
00950,1.8,Medium Crack,1.969771560359221,Medium Crack,2.3409399821439254,Heavy Crack
00951,1.8439088914585775,Medium Crack,2.0,Medium Crack,2.3323807579381204,Heavy Crack
00952,2.23606797749979,Heavy Crack,2.8000000000000003,Heavy Crack,2.280350850198276,Heavy Crack
00953,2.683281572999748,Heavy Crack,3.4000000000000004,Heavy Crack,2.683281572999748,Heavy Crack
00954,2.5612496949731396,Heavy Crack,3.423448553724738,Heavy Crack,2.23606797749979,Heavy Crack
00955,3.2249030993194197,Heavy Crack,6.648308055437865,Heavy Crack,1.8973665961010278,Medium Crack
00956,3.560898762952972,Heavy Crack,6.826419266350405,Heavy Crack,2.4738633753705965,Heavy Crack
00957,4.39089968002003,Heavy Crack,8.323460818673926,Heavy Crack,2.60768096208106,Heavy Crack
00958,6.905070600652827,Heavy Crack,17.266151858477325,Heavy Crack,2.6,Heavy Crack
00959,6.45600495662759,Heavy Crack,11.49086593777858,Heavy Crack,2.039607805437114,Heavy Crack
00960,4.669047011971501,Heavy Crack,11.961605243444545,Heavy Crack,2.0591260281974004,Heavy Crack
00961,3.9293765408777,Heavy Crack,11.8,Heavy Crack,2.0591260281974004,Heavy Crack
00962,3.1622776601683795,Heavy Crack,6.118823416311343,Heavy Crack,2.009975124224178,Heavy Crack
00963,3.2802438933713454,Heavy Crack,6.0,Heavy Crack,3.0463092423455636,Heavy Crack
00964,2.6,Heavy Crack,5.31413210223457,Heavy Crack,1.8973665961010278,Medium Crack
00965,2.720294101747089,Heavy Crack,3.4525353003264136,Heavy Crack,2.1540659228538015,Heavy Crack
00966,2.23606797749979,Heavy Crack,2.785677655436824,Heavy Crack,2.1633307652783937,Heavy Crack
00967,1.8110770276274835,Medium Crack,2.668332812825267,Heavy Crack,1.788854381999832,Medium Crack
00968,2.039607805437114,Heavy Crack,2.3323807579381204,Heavy Crack,2.039607805437114,Heavy Crack
00969,2.720294101747089,Heavy Crack,3.2984845004941286,Heavy Crack,2.8284271247461903,Heavy Crack
00970,2.683281572999748,Heavy Crack,3.4525353003264136,Heavy Crack,2.683281572999748,Heavy Crack
00971,2.720294101747089,Heavy Crack,3.3526109228480423,Heavy Crack,3.2249030993194197,Heavy Crack
00972,2.0591260281974004,Heavy Crack,2.8000000000000003,Heavy Crack,2.2,Heavy Crack
00973,3.6055512754639896,Heavy Crack,4.0,Heavy Crack,3.0,Heavy Crack
00974,3.676955262170047,Heavy Crack,4.0,Heavy Crack,3.492849839314596,Heavy Crack
00975,2.95296461204668,Heavy Crack,4.2,Heavy Crack,2.4083189157584592,Heavy Crack
00976,2.0,Medium Crack,2.23606797749979,Heavy Crack,2.2,Heavy Crack
00977,1.6,Medium Crack,2.0,Medium Crack,1.4142135623730951,Medium Crack
00978,1.6,Medium Crack,2.0,Medium Crack,2.0,Medium Crack
00979,1.6124515496597098,Medium Crack,2.0,Medium Crack,1.6124515496597098,Medium Crack
00980,2.1540659228538015,Heavy Crack,2.6,Heavy Crack,2.4413111231467406,Heavy Crack
00981,2.6,Heavy Crack,2.863564212655271,Heavy Crack,2.720294101747089,Heavy Crack
00982,3.9698866482558417,Heavy Crack,4.2,Heavy Crack,4.242640687119286,Heavy Crack
00983,3.405877273185281,Heavy Crack,3.4525353003264136,Heavy Crack,3.9293765408777,Heavy Crack
00984,3.9293765408777,Heavy Crack,3.8470768123342687,Heavy Crack,4.219004621945798,Heavy Crack
00985,4.242640687119286,Heavy Crack,4.308131845707603,Heavy Crack,4.3266615305567875,Heavy Crack
00986,4.25205832509386,Heavy Crack,4.237924020083418,Heavy Crack,4.440720662234904,Heavy Crack
00987,3.8470768123342687,Heavy Crack,5.110772935672255,Heavy Crack,4.560701700396552,Heavy Crack
00988,1.8439088914585775,Medium Crack,3.2984845004941286,Heavy Crack,2.23606797749979,Heavy Crack
00989,3.984971769034255,Heavy Crack,4.947726750741193,Heavy Crack,3.8000000000000003,Heavy Crack
00990,2.0,Medium Crack,2.0,Medium Crack,1.8439088914585775,Medium Crack
00991,2.08806130178211,Heavy Crack,2.0,Medium Crack,2.1540659228538015,Heavy Crack
00992,2.1633307652783937,Heavy Crack,2.23606797749979,Heavy Crack,2.280350850198276,Heavy Crack
00993,2.6,Heavy Crack,2.8000000000000003,Heavy Crack,2.6907248094147422,Heavy Crack
00994,2.4738633753705965,Heavy Crack,3.1622776601683795,Heavy Crack,2.6907248094147422,Heavy Crack
00995,2.280350850198276,Heavy Crack,2.3323807579381204,Heavy Crack,2.4166091947189146,Heavy Crack
00996,2.2,Heavy Crack,2.3323807579381204,Heavy Crack,2.4083189157584592,Heavy Crack
00997,2.23606797749979,Heavy Crack,2.4166091947189146,Heavy Crack,2.3323807579381204,Heavy Crack
00998,2.23606797749979,Heavy Crack,2.4413111231467406,Heavy Crack,2.5455844122715714,Heavy Crack
00999,2.009975124224178,Heavy Crack,2.4083189157584592,Heavy Crack,2.4413111231467406,Heavy Crack
01000,1.8867962264113207,Medium Crack,2.785677655436824,Heavy Crack,2.5455844122715714,Heavy Crack
